title,price,discount_price,discount,resolution,screen_width,os,cpu,cpu_proc_speed,gpu,ram,storage,front_camera,rear_camera,battery,size,weight,brand,link
iPad (Gen 9) Wifi 64GB,9490000.0,7690000.0,19%,1620 x 2160 Pixels,"10.2""",iPadOS 15,Apple A13 Bionic,6 nhân,Apple GPU 4 nhân,3GB,64 GB,"12 MP, HDR, Quay video Full HD, Tự động lấy nét (AF)","8 MP, FullHD 1080p@25fps, FullHD 1080p@30fps, HD 720p@30fps; Chạm lấy nét; Gắn thẻ địa lý; HDR; Nhận diện khuôn mặt; Toàn cảnh (Panorama); Tự động lấy nét (AF); Zoom kỹ thuật số",32.4 Wh (~ 8600 mAh),Dài 250.6 mm - Ngang 174.1 mm - Dày 7.5 mm,487 g,,https://viettelstore.vn/may-tinh-bang/ipad-gen-9-wifi-64gb-pid288698.html
iPad (Gen 9) LTE 64GB,12990000.0,10190000.0,22%,1620 x 2160 Pixels,"10.2""",iPadOS 15,Apple A13 Bionic,2 nhân 2.65 GHz & 4 nhân 1.8 GHz,Apple GPU 4 nhân,3 GB,64 GB,12 MP; HDR; Quay video Full HD; Tự động lấy nét (AF),8 MP; FullHD 1080p@25fps; FullHD 1080p@30fps; HD 720p@30fps; Chạm lấy nét; Gắn thẻ địa lý; HDR; Nhận diện khuôn mặt; Toàn cảnh (Panorama); Tự động lấy nét (AF); Zoom kỹ thuật số,32.4 Wh (~ 8600 mAh),Dài 250.6 mm - Ngang 174.1 mm - Dày 7.5 mm,498 g,,https://viettelstore.vn/may-tinh-bang/ipad-gen-9-lte-64gb-pid288700.html
Samsung Galaxy Tab A7 Lite,4490000.0,2790000.0,38%,1340 x 800 (WXGA+),"8.7"" (220.5mm)",,"Quad 2.3GHz,Quad 1.8GHz; Octa-Core; Mediatek MT8768T",,,3GB,32GB,Front Camera 2.0 MP,Rear Camera 8.0 MP; Auto Focus,5100mAh,212.5 x 124.7 x 8.0mm,371g,,https://viettelstore.vn/may-tinh-bang/samsung-galaxy-tab-a7-lite-pid198041.html
Samsung Galaxy Tab S8+ 5G,25990000.0,21490000.0,17%,2800 x 1752,"12.4""",Android 12,"Snapdragon® 8 Gen 1; 2.99GHz, 2.4GHz, 1.7GHz",,Adreno730,8GB,128GB,"12.0 MP, Góc siêu rộng, Auto-framing","13.0 + 6.0 MP, UHD 4K (3840 x 2160), @30fps, Có Flash Tự động lấy nét, Góc siêu rộng, Đèn Flash",10090 mAh,Dài 185.0 mm - Ngang 285.0 mm - Dày 5.7 mm,572gr,,https://viettelstore.vn/may-tinh-bang/samsung-galaxy-tab-s8-pid289029.html
iPad Gen 10 WIFI 64GB,11990000.0,10990000.0,8%,1640 x 2360 Pixels,10.9 inch,iPadOS 16,Apple A14 Bionic 6 nhân,2 nhân 3.1 GHz & 4 nhân 1.8 GHz,Apple GPU 4 nhân,4 GB,64 GB,12 MP,12 MP,28.6 Wh (~ 7587 mAh),Dài 248.6 mm - Ngang 179.5 mm - Dày 7 mm,Nặng 477 g,,https://viettelstore.vn/may-tinh-bang/ipad-gen-10-wifi-64gb-pid295660.html
iPad Air (Gen 5) WIFI 64GB,15990000.0,13590000.0,15%,1640 x 2360 Pixels,"10.9""",iPadOS 15,Apple M1,8 nhân,Apple GPU 8 nhân,8 GB,64 GB,"12 MP; Bộ lọc màu, Góc rộng, Live Photos, Quay video HD, Tự động lấy nét (AF)","12 MP; Quay phim: 4K 2160p@24fps, 4K 2160p@25fps, 4K 2160p@30fps, 4K 2160p@60fps, FullHD 1080p@25fps, FullHD 1080p@30fps, FullHD 1080p@60fps, HD 720p@30fps; Góc rộng, Gắn thẻ địa lý, HDR, Quay chậm (Slow Motion), Toàn cảnh (Panorama), Tua nhanh thời gian (Time‑lapse), Tự động lấy nét (AF), Zoom kỹ thuật số",28.6 Wh (~ 7587 mAh),Dài 247.6 mm - Ngang 178.5 mm - Dày 6.1 mm,461 g,,https://viettelstore.vn/may-tinh-bang/ipad-air-gen-5-wifi-64gb-pid289288.html
iPad (Gen 9) LTE 256GB,16990000.0,14490000.0,15%,,,,,,,,256 GB,,,,Dài 250.6 mm - Ngang 174.1 mm - Dày 7.5 mm,498 g,,https://viettelstore.vn/may-tinh-bang/ipad-gen-9-lte-256gb-pid288701.html
iPad Gen 10 WIFI 5G 256GB,19990000.0,18890000.0,6%,1640 x 2360 Pixels,10.9 inch,iPadOS 16,Apple A14 Bionic 6 nhân,2 nhân 3.1 GHz & 4 nhân 1.8 GHz,Apple GPU 4 nhân,4 GB,256 GB,12 MP,12 MP,28.6 Wh (~ 7587 mAh),Dài 248.6 mm - Ngang 179.5 mm - Dày 7 mm,Nặng 477 g,,https://viettelstore.vn/may-tinh-bang/ipad-gen-10-5g-256gb-pid295663.html
iPad Pro 11 (2022) WIFI 128GB,21990000.0,19990000.0,9%,1668 x 2388 Pixels,11 inch,iPadOS 16,Apple M2,8 nhân,Apple GPU 10 nhân,8 GB,128 GB,12 MP,12 MP,28.65 Wh (~ 7538 mAh),Dài 247.6 mm - Ngang 178.5 mm - Dày 5.9 mm,Nặng 466 g,,https://viettelstore.vn/may-tinh-bang/ipad-pro-11-2022-wifi-128gb-pid295667.html
iPad Gen 10 WIFI 256GB,15990000.0,14790000.0,8%,1640 x 2360 Pixels,10.9 inch,iPadOS 16,Apple A14 Bionic 6 nhân,2 nhân 3.1 GHz & 4 nhân 1.8 GHz,Apple GPU 4 nhân,4 GB,256 GB,12 MP,12 MP,28.6 Wh (~ 7587 mAh),Dài 248.6 mm - Ngang 179.5 mm - Dày 7 mm,Nặng 477 g,,https://viettelstore.vn/may-tinh-bang/ipad-gen-10-wifi-256gb-pid295661.html
iPad Pro 11 (2022) WIFI 5G 128GB,25990000.0,23790000.0,8%,1668 x 2388 Pixels,11 inch,iPadOS 16,Apple M2,8 nhân,Apple GPU 10 nhân,8 GB,128 GB,12 MP,12 MP,28.65 Wh (~ 7538 mAh),Dài 247.6 mm - Ngang 178.5 mm - Dày 5.9 mm,Nặng 466 g,,https://viettelstore.vn/may-tinh-bang/ipad-pro-11-2022-5g-128gb-pid295671.html
iPad (Gen 9) Wifi 256GB,12990000.0,11190000.0,14%,1620 x 2160 Pixels,"10.2""",iPadOS 15,Apple A13 Bionic,6 nhân,Apple GPU 4 nhân,3 GB,256 GB,"12 MP, HDR, Quay video Full HD, Tự động lấy nét (AF)","8 MP, FullHD 1080p@25fps, FullHD 1080p@30fps, HD 720p@30fps; Chạm lấy nét; Gắn thẻ địa lý; HDR; Nhận diện khuôn mặt; Toàn cảnh (Panorama); Tự động lấy nét (AF); Zoom kỹ thuật số",32.4 Wh (~ 8600 mAh),Dài 250.6 mm - Ngang 174.1 mm - Dày 7.5 mm,487 g,,https://viettelstore.vn/may-tinh-bang/ipad-gen-9-wifi-256gb-pid288699.html
iPad Air (Gen 5) WIFI 256GB,19990000.0,17990000.0,10%,,,,,,,8 GB,256 GB,,,,Dài 247.6 mm - Ngang 178.5 mm - Dày 6.1 mm,461 g,,https://viettelstore.vn/may-tinh-bang/ipad-air-gen-5-wifi-256gb-pid290751.html
Samsung Galaxy Tab S9 Ultra 5G 12/256GB,32990000.0,29990000.0,9%,1848 x 2960 Pixels (WQXGA+),14.6 inches - Tần số quét 120 Hz,"Android 13, One UI 5.1",Snapdragon 8 Gen 2 for Galaxy,"1 nhân 3.36 GHz, 4 nhân 2.8 GHz & 3 nhân 2 GHz",Adreno 740,12 GB,256 GB,2 Camera 12 MP; Trôi nhanh thời gian (Time Lapse); Làm đẹp; Góc siêu rộng; HDR; Quay video HD; Quay video Full HD; Quay video 4K; Bộ lọc màu; Xóa phông; Hẹn giờ chụp; Chụp ảnh chuyển động; Flash màn hình; Chụp một chạm,Chính 13 MP & Phụ 8 MP; Đèn Flash; Bộ lọc màu; Chuyên nghiệp (Pro); Xóa phông; Tua nhanh thời gian (Time‑lapse); Toàn cảnh (Panorama); Quét mã QR; HDR; Làm đẹp; Ánh sáng yếu (Chụp đêm); Góc siêu rộng; Zoom kỹ thuật số; Chụp ảnh chuyển động; Chụp một chạm; Chụp hẹn giờ; Video chuyên nghiệp; Tự động lấy nét,11200 mAh; 45 W; Sạc pin nhanh; Tiết kiệm pin,Dài 326.4 mm - Ngang 208.6 mm - Dày 5.5 mm,737 g,,https://viettelstore.vn/may-tinh-bang/samsung-galaxy-tab-s9-ultra-5g-12-256gb-pid315340.html
Samsung Galaxy Tab S9 5G 12/256GB,24990000.0,22990000.0,8%,1600 x 2560 Pixels (WQXGA),11 inches - Tần số quét 120 Hz,"Android 13, One UI 5.1",Snapdragon 8 Gen 2 for Galaxy,"1 nhân 3.36 GHz, 4 nhân 2.8 GHz & 3 nhân 2 GHz",Adreno 740,12 GB,256 GB,12 MP; Trôi nhanh thời gian (Time Lapse); Làm đẹp; Góc siêu rộng; HDR; Quay video HD; Quay video Full HD; Quay video 4K; Bộ lọc màu; Xóa phông; Hẹn giờ chụp; Chụp ảnh chuyển động; Chụp một chạm,13 MP; Đèn Flash; Bộ lọc màu; Chuyên nghiệp (Pro); Xóa phông; Tua nhanh thời gian (Time‑lapse); Toàn cảnh (Panorama); Quét mã QR; HDR; Đèn Flash; Làm đẹp; Ánh sáng yếu (Chụp đêm); Góc siêu rộng; Zoom kỹ thuật số; Chụp ảnh chuyển động; Chụp một chạm; Chụp hẹn giờ; Video chuyên nghiệp; Tự động lấy nét,8400 mAh; 45 W; Sạc pin nhanh; Tiết kiệm pin,Dài 254.3 mm - Ngang 165.8 mm - Dày 5.9 mm,500 g,,https://viettelstore.vn/may-tinh-bang/samsung-galaxy-tab-s9-5g-12-256gb-pid316009.html
Samsung Galaxy Tab S9 5G 8/128GB,22990000.0,20990000.0,9%,1600 x 2560 Pixels (WQXGA),11 inches - Tần số quét 120 Hz,"Android 13, One UI 5.1",Snapdragon 8 Gen 2 for Galaxy,"1 nhân 3.36 GHz, 4 nhân 2.8 GHz & 3 nhân 2 GHz",Adreno 740,8 GB,128 GB,12 MP; Trôi nhanh thời gian (Time Lapse); Làm đẹp; Góc siêu rộng; HDR; Quay video HD; Quay video Full HD; Quay video 4K; Bộ lọc màu; Xóa phông; Hẹn giờ chụp; Chụp ảnh chuyển động; Chụp một chạm,13 MP; Đèn Flash; Bộ lọc màu; Chuyên nghiệp (Pro); Xóa phông; Tua nhanh thời gian (Time‑lapse); Toàn cảnh (Panorama); Quét mã QR; HDR; Đèn Flash; Làm đẹp; Ánh sáng yếu (Chụp đêm); Góc siêu rộng; Zoom kỹ thuật số; Chụp ảnh chuyển động; Chụp một chạm; Chụp hẹn giờ; Video chuyên nghiệp; Tự động lấy nét,8400 mAh; 45 W; Sạc pin nhanh; Tiết kiệm pin,Dài 254.3 mm - Ngang 165.8 mm - Dày 5.9 mm,500 g,,https://viettelstore.vn/may-tinh-bang/samsung-galaxy-tab-s9-5g-8-128gb-pid316008.html
Samsung Galaxy Tab S9 Wifi 8/128GB,19990000.0,17990000.0,10%,1600 x 2560 Pixels (WQXGA),11 inches - Tần số quét 120 Hz,"Android 13, One UI 5.1",Snapdragon 8 Gen 2 for Galaxy,"1 nhân 3.36 GHz, 4 nhân 2.8 GHz & 3 nhân 2 GHz",Adreno 740,8 GB,128 GB,12 MP; Trôi nhanh thời gian (Time Lapse); Làm đẹp; Góc siêu rộng; HDR; Quay video HD; Quay video Full HD; Quay video 4K; Bộ lọc màu; Xóa phông; Hẹn giờ chụp; Chụp ảnh chuyển động; Chụp một chạm,13 MP; Đèn Flash; Bộ lọc màu; Chuyên nghiệp (Pro); Xóa phông; Tua nhanh thời gian (Time‑lapse); Toàn cảnh (Panorama); Quét mã QR; HDR; Đèn Flash; Làm đẹp; Ánh sáng yếu (Chụp đêm); Góc siêu rộng; Zoom kỹ thuật số; Chụp ảnh chuyển động; Chụp một chạm; Chụp hẹn giờ; Video chuyên nghiệp; Tự động lấy nét,8400 mAh; 45 W; Sạc pin nhanh; Tiết kiệm pin,Dài 254.3 mm - Ngang 165.8 mm - Dày 5.9 mm,498 g,,https://viettelstore.vn/may-tinh-bang/samsung-galaxy-tab-s9-wifi-8-128gb-pid315338.html
Samsung Galaxy Tab S9 Plus 5G 12/512GB,30990000.0,28990000.0,6%,1752 x 2800 Pixels (WQXGA+),12.4 inches - Tần số quét 120 Hz,"Android 13, One UI 5.1",Snapdragon 8 Gen 2 for Galaxy,"1 nhân 3.36 GHz, 4 nhân 2.8 GHz & 3 nhân 2 GHz",Adreno 740,12 GB,512 GB,12 MP; Trôi nhanh thời gian (Time Lapse); Làm đẹp; Góc siêu rộng; HDR; Quay video Full HD; Quay video 4K; Góc rộng; Bộ lọc màu; Xóa phông; Hẹn giờ chụp; Chụp ảnh chuyển động; Flash màn hình,Chính 13 MP & Phụ 8 MP; Đèn Flash; Bộ lọc màu; Chuyên nghiệp (Pro); Xóa phông; Tua nhanh thời gian (Time‑lapse); Toàn cảnh (Panorama); Quét mã QR; HDR; Làm đẹp; Ánh sáng yếu (Chụp đêm); Góc siêu rộng; Zoom kỹ thuật số; Chụp ảnh chuyển động; Chụp một chạm; Chụp hẹn giờ; Video chuyên nghiệp; Tự động lấy nét,10090 mAh; 45 W; Sạc pin nhanh; Tiết kiệm pin,Dài 285.4 mm - Ngang 185.4 mm - Dày 5.7 mm,586 g,,https://viettelstore.vn/may-tinh-bang/samsung-galaxy-tab-s9-plus-5g-12-512gb-pid316022.html
Samsung Galaxy Tab S9 Plus 5G 12/256GB,28990000.0,26990000.0,7%,1752 x 2800 Pixels (WQXGA+),12.4 inches - Tần số quét 120 Hz,"Android 13, One UI 5.1",Snapdragon 8 Gen 2 for Galaxy,"1 nhân 3.36 GHz, 4 nhân 2.8 GHz & 3 nhân 2 GHz",Adreno 740,12 GB,256 GB,12 MP; Trôi nhanh thời gian (Time Lapse); Làm đẹp; Góc siêu rộng; HDR; Quay video Full HD; Quay video 4K; Góc rộng; Bộ lọc màu; Xóa phông; Hẹn giờ chụp; Chụp ảnh chuyển động; Flash màn hình,Chính 13 MP & Phụ 8 MP; Đèn Flash; Bộ lọc màu; Chuyên nghiệp (Pro); Xóa phông; Tua nhanh thời gian (Time‑lapse); Toàn cảnh (Panorama); Quét mã QR; HDR; Làm đẹp; Ánh sáng yếu (Chụp đêm); Góc siêu rộng; Zoom kỹ thuật số; Chụp ảnh chuyển động; Chụp một chạm; Chụp hẹn giờ; Video chuyên nghiệp; Tự động lấy nét,10090 mAh; 45 W; Sạc pin nhanh; Tiết kiệm pin,Dài 285.4 mm - Ngang 185.4 mm - Dày 5.7 mm,586 g,,https://viettelstore.vn/may-tinh-bang/samsung-galaxy-tab-s9-plus-5g-12-256gb-pid316023.html
Samsung Galaxy Tab S9 Plus Wifi 12/512GB,27990000.0,25990000.0,7%,1752 x 2800 Pixels (WQXGA+),12.4 inches - Tần số quét 120 Hz,"Android 13, One UI 5.1",Snapdragon 8 Gen 2 for Galaxy,"1 nhân 3.36 GHz, 4 nhân 2.8 GHz & 3 nhân 2 GHz",Adreno 740,12 GB,512 GB,12 MP; Trôi nhanh thời gian (Time Lapse); Làm đẹp; Góc siêu rộng; HDR; Quay video Full HD; Quay video 4K; Góc rộng; Bộ lọc màu; Xóa phông; Hẹn giờ chụp; Chụp ảnh chuyển động; Flash màn hình,Chính 13 MP & Phụ 8 MP; Đèn Flash; Bộ lọc màu; Chuyên nghiệp (Pro); Xóa phông; Tua nhanh thời gian (Time‑lapse); Toàn cảnh (Panorama); Quét mã QR; HDR; Làm đẹp; Ánh sáng yếu (Chụp đêm); Góc siêu rộng; Zoom kỹ thuật số; Chụp ảnh chuyển động; Chụp một chạm; Chụp hẹn giờ; Video chuyên nghiệp; Tự động lấy nét,10090 mAh; 45 W; Sạc pin nhanh; Tiết kiệm pin,Dài 285.4 mm - Ngang 185.4 mm - Dày 5.7 mm,581 g,,https://viettelstore.vn/may-tinh-bang/samsung-galaxy-tab-s9-plus-wifi-12-512gb-pid316025.html
Samsung Galaxy Tab S9 Plus Wifi 12/256GB,25990000.0,23990000.0,8%,1752 x 2800 Pixels (WQXGA+),12.4 inches - Tần số quét 120 Hz,"Android 13, One UI 5.1",Snapdragon 8 Gen 2 for Galaxy,"1 nhân 3.36 GHz, 4 nhân 2.8 GHz & 3 nhân 2 GHz",Adreno 740,12 GB,256 GB,12 MP; Trôi nhanh thời gian (Time Lapse); Làm đẹp; Góc siêu rộng; HDR; Quay video Full HD; Quay video 4K; Góc rộng; Bộ lọc màu; Xóa phông; Hẹn giờ chụp; Chụp ảnh chuyển động; Flash màn hình,Chính 13 MP & Phụ 8 MP; Đèn Flash; Bộ lọc màu; Chuyên nghiệp (Pro); Xóa phông; Tua nhanh thời gian (Time‑lapse); Toàn cảnh (Panorama); Quét mã QR; HDR; Làm đẹp; Ánh sáng yếu (Chụp đêm); Góc siêu rộng; Zoom kỹ thuật số; Chụp ảnh chuyển động; Chụp một chạm; Chụp hẹn giờ; Video chuyên nghiệp; Tự động lấy nét,10090 mAh; 45 W; Sạc pin nhanh; Tiết kiệm pin,Dài 285.4 mm - Ngang 185.4 mm - Dày 5.7 mm,581 g,,https://viettelstore.vn/may-tinh-bang/samsung-galaxy-tab-s9-plus-wifi-12-256gb-pid316024.html
Samsung Galaxy Tab A8,6990000.0,5790000.0,17%,1200 x 1920 Pixels,"10.5""",Android 11,UniSOC T618,2 nhân 2.0 GHz & 6 nhân 2.0 GHz,Mali G52 MP2,4 GB,64 GB,5 MP,8 MP; FHD (1920 x 1080)@30fps; Tự động lấy nét,7040 mAh,Dài 246.8 mm - Ngang 161.9 mm - Dày 6.9 mm,508 g,,https://viettelstore.vn/may-tinh-bang/samsung-galaxy-tab-a8-pid288919.html
Máy tính bảng Samsung Galaxy Tab S7 FE,13990000.0,11990000.0,14%,1600 x 2560 Pixels,"12.4"" - Tần số quét Hãng không công bố",Android 11,Snapdragon 750G,2 nhân 2.2 GHz & 6 nhân 1.8 GHz,Adreno 619,4 GB,64 GB,5 MP; Quay video Full HD; Quay video HD; Tự động lấy nét (AF),"8 MP, Quay phim; Chạm lấy nét; HDR; Nhận diện khuôn mặt; Tự động lấy nét (AF)",10090 mAh,Dài 284.8 mm - Ngang 185 mm - Dày 6.3 mm,608 g,,https://viettelstore.vn/may-tinh-bang/may-tinh-bang-samsung-galaxy-tab-s7-fe-pid199369.html
Samsung Galaxy Tab S8 Wifi 8/256GB,17990000.0,11990000.0,33%,2560 x 1600 Pixels (2K) (WQXGA),"11.0"" (278.1 mm)- Tần số quét 120 Hz","Android 12, UI 4.1",Snapdragon 8 Gen 1,"2.99 GHz, 2.4 GHz, 1.7 GHz",Adreno 730,8 GB,256 GB,"Camera góc siêu rộng 12 MP, Flash","Camera chính: 13 MP, Camera góc siêu rộng: 6 MP; Chạm lấy nét; Chuyên nghiệp (Pro); Góc siêu rộng; Làm đẹp; Toàn cảnh (Panorama); Tua nhanh thời gian (Time‑lapse); Xóa phông; Zoom kỹ thuật số; Ánh sáng yếu (Chụp đêm); Đèn Flash; Tự động lấy nét",8000 mAh; Sạc nhanh 45 W,165.3 x 253.8 x 6.3 mm,503 g,,https://viettelstore.vn/may-tinh-bang/samsung-galaxy-tab-s8-wifi-8-256gb-pid312675.html
OPPO Pad Air 64GB,6690000.0,5690000.0,15%,1200 x 2000,10.36 inch,"ColorOS 12.1, nền tảng Android 12","Qualcomm Snapdragon™ 680 , tối đa 2.4GHz",,Adreno 610,4GB,64GB,,8MP; F/2.0,7100mAh (Typ),245.08 x 154.84 x 6.94 mm,Khoảng 440g (Bao gồm pin),,https://viettelstore.vn/may-tinh-bang/oppo-pad-air-64gb-pid292525.html
MTB Masstel Tab 10.1 Pro,3990000.0,3490000.0,13%,1280*800,10.1 inch,Android 11,,SCT310 4 nhân; 2.0GHz,GE8300,4GB,64GB (≤ 54GB),Camera trước: 5MP,Camera sau: 8MP AF,6000 mAh,Dài 224 mm – Ngang 162.6 mm – Dày 9.2 mm,527g,,https://viettelstore.vn/may-tinh-bang/mtb-masstel-tab-10-1-pro-pid312658.html
Xiaomi Pad 6,10490000.0,9790000.0,7%,,,Android 13,,,,8 GB,,8 MP,,,,,,https://viettelstore.vn/may-tinh-bang/xiaomi-pad-6-pid316126.html
Redmi Pad 3/64GB,6290000.0,4590000.0,27%,1200 x 2000 Pixels 90 Hz,"10.61""",Android 12,MediaTek Helio G99,8 nhân 2.2 GHz,Mali-G57 MC2,3 GB,64 GB,8 MP,8 MP,8000 mAh,Dài 250.38 mm - Ngang 157.98 mm - Dày 7.05 mm,Nặng 445 g,,https://viettelstore.vn/may-tinh-bang/redmi-pad-3-64gb-pid294471.html
Máy tính bảng Xiaomi Pad 5 6/256GB,10490000.0,10490000.0,0%,1600 x 2560 Pixels,"11"" - Tần số quét 120 Hz",Android 11,Snapdragon 860,"8 nhân; 1 nhân 2.96 GHz, 3 nhân 2.42 GHz & 4 nhân 1.78 GHz",Adreno 640,6 GB,256GB,8 MP; Quay video Full HD; Quay video HD ; Tự động lấy nét (AF),"13 MP, Quay phim: 4K 2160p@30fpsFullHD 1080p@30fps; Chạm lấy nét; HDR; Nhận diện khuôn mặt; Toàn cảnh (Panorama); Tự động lấy nét (AF)",8720 mAh,Dài 254.7 mm - Ngang 166.3 mm - Dày 6.85 mm,511 g,,https://viettelstore.vn/may-tinh-bang/may-tinh-bang-xiaomi-pad-5-6-256gb-pid288677.html
iPad Air (Gen 5) WIFI 5G 256GB,23990000.0,21990000.0,8%,1640 x 2360 Pixels,"10.9""",iPadOS 15,Apple M1,8 nhân,Apple GPU 8 nhân,8 GB,256 GB,"12 MP; Bộ lọc màu, Góc rộng, Live Photos, Quay video HD, Tự động lấy nét (AF)","12 MP; Quay phim: 4K 2160p@24fps, 4K 2160p@25fps, 4K 2160p@30fps, 4K 2160p@60fps, FullHD 1080p@25fps, FullHD 1080p@30fps, FullHD 1080p@60fps, HD 720p@30fps; Góc rộng, Gắn thẻ địa lý, HDR, Quay chậm (Slow Motion), Toàn cảnh (Panorama), Tua nhanh thời gian (Time‑lapse), Tự động lấy nét (AF), Zoom kỹ thuật số",28.6 Wh (~ 7587 mAh),Dài 247.6 mm - Ngang 178.5 mm - Dày 6.1 mm,462 g,,https://viettelstore.vn/may-tinh-bang/ipad-air-gen-5-5g-256gb-pid289290.html
iPad mini (Gen 6) Wifi 5G 64GB,18990000.0,15890000.0,16%,1488 x 2266 Pixels,"8.3""",iPadOS 15,Apple A15 Bionic,6 nhân,Apple GPU 5 nhân,4 GB,64 GB,12 MP; HDR; Quay video Full HD; Quay video HD; Tự động lấy nét (AF);,"12MP, 4K 2160p@24fps; 4K 2160p@25fps; 4K 2160p@30fps; 4K 2160p@60fps; FullHD 1080p@25fps; FullHD 1080p@30fps; FullHD 1080p@60fps, Chạm lấy nét; Gắn thẻ địa lý; HDR; Nhận diện khuôn mặt; Toàn cảnh (Panorama); Tự động lấy nét (AF); Zoom kỹ thuật số",19.3 Wh,Dài 195.4 mm - Ngang 134.8 mm - Dày 6.3 mm,293 g,,https://viettelstore.vn/may-tinh-bang/ipad-mini-gen-6-wifi-5g-64gb-pid288696.html
iPad Air (Gen 5) WIFI 5G 64GB,20490000.0,17890000.0,13%,1640 x 2360 Pixels,"10.9""",iPadOS 15,Apple M1,8 nhân,Apple GPU 8 nhân,8 GB,64 GB,"12 MP; Bộ lọc màu, Góc rộng, Live Photos, Quay video HD, Tự động lấy nét (AF)","12 MP; Quay phim: 4K 2160p@24fps, 4K 2160p@25fps, 4K 2160p@30fps, 4K 2160p@60fps, FullHD 1080p@25fps, FullHD 1080p@30fps, FullHD 1080p@60fps, HD 720p@30fps; Góc rộng, Gắn thẻ địa lý, HDR, Quay chậm (Slow Motion), Toàn cảnh (Panorama), Tua nhanh thời gian (Time‑lapse), Tự động lấy nét (AF), Zoom kỹ thuật số",28.6 Wh (~ 7587 mAh),Dài 247.6 mm - Ngang 178.5 mm - Dày 6.1 mm,462 g,,https://viettelstore.vn/may-tinh-bang/ipad-air-gen-5-5g-64gb-pid289289.html
iPad Pro 11 (2022) WIFI 256GB,24990000.0,22990000.0,8%,1668 x 2388 Pixels,11 inch,iPadOS 16,Apple M2,8 nhân,Apple GPU 10 nhân,8 GB,256 GB,12 MP,12 MP,28.65 Wh (~ 7538 mAh),Dài 247.6 mm - Ngang 178.5 mm - Dày 5.9 mm,Nặng 466 g,,https://viettelstore.vn/may-tinh-bang/ipad-pro-11-2022-wifi-256gb-pid295668.html
iPad Pro 12.9 (2022) WIFI 256GB,32990000.0,30990000.0,6%,2048 x 2732 Pixels,12.9 inch,iPadOS 16,Apple M2,8 nhân,Apple GPU 10 nhân,8 GB,256 GB,12 MP,12 MP,40.88 Wh (~ 10.835 mAh),Dài 280.6 mm - Ngang 214.9 mm - Dày 6.4 mm,Nặng 682 g,,https://viettelstore.vn/may-tinh-bang/ipad-pro-12-9-2022-wifi-256gb-pid295675.html
iPad Pro 12.9 (2022) WIFI 128GB,29990000.0,27990000.0,7%,2048 x 2732 Pixels,12.9 inch,iPadOS 16,Apple M2,8 nhân,Apple GPU 10 nhân,8 GB,128 GB,12 MP,12 MP,40.88 Wh (~ 10.835 mAh),Dài 280.6 mm - Ngang 214.9 mm - Dày 6.4 mm,Nặng 682 g,,https://viettelstore.vn/may-tinh-bang/ipad-pro-12-9-2022-wifi-128gb-pid295674.html
iPad Pro 12.9 (2022) WIFI 5G 128GB,33990000.0,31790000.0,6%,2048 x 2732 Pixels,12.9 inch,iPadOS 16,Apple M2,8 nhân,Apple GPU 10 nhân,8 GB,128 GB,12 MP,12 MP,40.88 Wh (~ 10.835 mAh),Dài 280.6 mm - Ngang 214.9 mm - Dày 6.4 mm,Nặng 682 g,,https://viettelstore.vn/may-tinh-bang/ipad-pro-12-9-2022-5g-128gb-pid295677.html
iPad Pro 11 (2022) WIFI 5G 512GB,33990000.0,33990000.0,0%,1668 x 2388 Pixels,11 inch,iPadOS 16,Apple M2,8 nhân,Apple GPU 10 nhân,8 GB,512 GB,12 MP,12 MP,28.65 Wh (~ 7538 mAh),Dài 247.6 mm - Ngang 178.5 mm - Dày 5.9 mm,Nặng 466 g,,https://viettelstore.vn/may-tinh-bang/ipad-pro-11-2022-5g-512gb-pid295673.html
iPad mini (Gen 6) Wifi 256GB,18990000.0,15990000.0,16%,1488 x 2266 Pixels,"8.3""",iPadOS 15,Apple A15 Bionic,6 nhân,Apple GPU 5 nhân,4 GB,256 GB,"12 MP, HDR; Quay video Full HD; Quay video HD; Tự động lấy nét (AF)","12 MP, 4K 2160p@24fps, 4K 2160p@25fps, 4K 2160p@30fps, 4K 2160p@60fps, FullHD 1080p@25fps, FullHD 1080p@30fps, FullHD 1080p@60fps; Chạm lấy nét, Gắn thẻ địa lý, HDR, Nhận diện khuôn mặt, Toàn cảnh (Panorama), Tự động lấy nét (AF), Zoom kỹ thuật số",19.3 Wh,Dài 195.4 mm - Ngang 134.8 mm - Dày 6.3 mm,293 g,,https://viettelstore.vn/may-tinh-bang/ipad-mini-gen-6-wifi-256gb-pid288695.html
iPad mini (Gen 6) Wifi 64GB,13990000.0,11490000.0,18%,1488 x 2266 Pixels,"8.3""",iPadOS 15,Apple A15 Bionic,6 nhân,Apple GPU 5 nhân,4 GB,64 GB,"12 MP, HDR; Quay video Full HD; Quay video HD; Tự động lấy nét (AF)","12 MP, 4K 2160p@24fps, 4K 2160p@25fps, 4K 2160p@30fps, 4K 2160p@60fps, FullHD 1080p@25fps, FullHD 1080p@30fps, FullHD 1080p@60fps; Chạm lấy nét, Gắn thẻ địa lý, HDR, Nhận diện khuôn mặt, Toàn cảnh (Panorama), Tự động lấy nét (AF), Zoom kỹ thuật số",19.3 Wh,Dài 195.4 mm - Ngang 134.8 mm - Dày 6.3 mm,293 g,,https://viettelstore.vn/may-tinh-bang/ipad-mini-gen-6-wifi-64gb-pid288694.html
Samsung Galaxy Tab A9 Plus Wifi 64GB,5990000.0,5990000.0,0%,1200 x 1920 Pixels,,Android 13,Snapdragon 695,,,4 GB,,5 MP,,,,,,https://viettelstore.vn/may-tinh-bang/tab-a9-wifi-64gb-pid324262.html
Samsung Galaxy Tab A9 Wifi 64GB,3990000.0,3990000.0,0%,800 x 1340 Pixels,,Android 13,MediaTek Helio G99,,,4 GB,,2 MP,,,,,,https://viettelstore.vn/may-tinh-bang/tab-a9-wifi-64gb-pid324263.html
Samsung Galaxy Tab S9 FE Plus Wifi 128GB,13990000.0,13990000.0,0%,1600 x 2560 Pixels,,Android 13,Exynos 1380 8 nhân,,,8 GB,128 GB,12 MP,,,,,,https://viettelstore.vn/may-tinh-bang/tab-s9-fe-wifi-128gb-pid324260.html
Samsung Galaxy Tab S9 FE Wifi 128GB,9990000.0,9990000.0,0%,1440 x 2304 Pixels,,Android 13,Exynos 1380 8 nhân,,,6 GB,,12 MP,,,,,,https://viettelstore.vn/may-tinh-bang/tab-s9-fe-wifi-128gb-pid324261.html
Samsung Galaxy Tab S8 Ultra 5G,30990000.0,24990000.0,19%,2960 x 1848,"14.6""",Android 12,"Snapdragon® 8 Gen 1; 2.99GHz, 2.4GHz, 1.7GHz",,Adreno730,8GB,128GB,12.0 + 12.0 MP; Camera kép; Góc siêu rộng; Auto-framing,13.0 + 6.0 MP; UHD 4K (3840 x 2160)@30fps; Có Flash; Tự động lấy nét; Góc siêu rộng; Đèn Flash,11200 mAh,Dài 208.6 mm - Ngang 326.4 mm - Dày 5.5 mm,728g,,https://viettelstore.vn/may-tinh-bang/samsung-galaxy-tab-s8-ultra-pid289030.html
Samsung Galaxy Tab S8 5G,20990000.0,18990000.0,10%,2560 x 1600,"11""",Android 12,"Snapdragon® 8 Gen 1, 2.99GHz, 2.4GHz, 1.7GHz",,Adreno730,8GB,128GB,"12.0 MP, Góc siêu rộng, Auto-framing","13.0 + 6.0 MP; UHD 4K (3840 x 2160)@30fps; Có Flash, Tự động lấy nét, Góc siêu rộng, Đèn Flash",8000 mAh,Dài 165.3 mm - Ngang 253.8 mm - Dày 6.3 mm,507gr,,https://viettelstore.vn/may-tinh-bang/samsung-galaxy-tab-s8-pid289028.html
Oppo Pad Air 128GB,7990000.0,6990000.0,13%,1200 x 2000,10.36 inch,"ColorOS 12.1, nền tảng Android 12","Qualcomm Snapdragon™ 680 , tối đa 2.4GHz",,Adreno 610,4GB,128GB,5MP,8MP,7100mAh,245.08 x 154.84 x 6.94 mm,Khoảng 440g (Bao gồm pin),,https://viettelstore.vn/may-tinh-bang/oppo-pad-air-128g-pid302335.html
MTB Masstel Tab 10A,3290000.0,3290000.0,0%,800 x 1280 Pixels,"10.1""",Android 11,MediaTek MT8765WA 4 nhân,4 nhân 1.3 GHz,IMG PowerVR GE8100,3 GB,32 GB,2 MP,5 MP,6000 mAh,Dài 244 mm - Ngang 164 mm - Dày 9 mm,450 g,,https://viettelstore.vn/may-tinh-bang/mtb-masstel-tab-10a-pid288971.html
Máy tính bảng Lenovo Tab M10 Gen 2 TB-X306X 2GB/32GB (ZA6V0062VN) (Xám),5190000.0,5190000.0,0%,HD 1280 x 800,"10,1 inch",Android,MediaTek Helio P22,,,2GB,32GB,8MP,5MP,5000mAh,"241,54 x 149,38 x 8,25 mm",245 g,,https://viettelstore.vn/may-tinh-bang/may-tinh-bang-lenovo-tab-m10-gen-2-tb-x306x-2gb-32gb-ZA6V0062VN--xam-pid288628.html
Redmi Pad SE (6+128),5490000.0,4990000.0,9%,1200 x 1920 Pixels,,Android 13,Snapdragon 680 8 nhân,,,6 GB,,5 MP,,,,,,https://viettelstore.vn/may-tinh-bang/redmi-pad-se-6-128-pid323951.html
Máy đọc sách Boox Leaf 2,,,,1680 × 1264 (300 dpi),7 inch,Android 11,Qualcomm 2.0G Quad-core (4 x Arm Cortex-A53),,,2GB RAM,32GB ROM,,,2000mAh,156 × 137 × 6 mm,170g,,https://viettelstore.vn/may-tinh-bang/may-doc-sach-boox-leaf-2-pid297158.html
TCL TAB10 LTE GEN2 4+64 GB,,,,1200 x 2000 pixels,10.36”,Android™ 13,MT8768,4x ARM Cortex-A53 @ 2.0 GHz; 4x ARM Cortex-A53 @ 1.5 GHz MT8768 Octa-core,650MHz GE8320,4GB,64GB,5MP; 1080P@30fps,8MP; 1080P@30fps,6000mAh (Typical),244.94*154.7*7.35mm,445g,,https://viettelstore.vn/may-tinh-bang/tcl-tab10-lte-gen2-4-64-gb-pid317369.html
TCL TAB10 WIFI GEN2 3+32 GB,,,,800 x 1280 pixels,10.1”,Android 13,MTK8766,Quad-Core 4*Cortex-A53 @1.8GHz,GE8300,3GB,32GB,Camera sau: 2MP; 1080P@30fps,Camera sau: 2MP; 1080P@30fps,6000mAh (typical),241.2*156.6*7.99 mm,472g,,https://viettelstore.vn/may-tinh-bang/tcl-tab10-wifi-gen2-3-32-gb-pid317370.html
TCL TAB11 WIFI 4+128 GB,,,,1200 x 2000 pixels,10.95 inches,Android™ 13,MTK HelioP60T,"4x ARM Cortex-A53 @ 2.0 GHz; 4x ARM Cortex-A73 @ 2,0 GHz",ARM Mali-G72 MP3,4GB,128GB,8MP; 1080P@30fps,8MP; 1080P@30fps,8000mAh,259.0*161.6*6.9mm,462g,,https://viettelstore.vn/may-tinh-bang/tcl-tab11-wifi-4-128-gb-pid317371.html
Nexta Smart Study 1,7900000.0,5900000.0,25%,1200 x 2000 Pixels,10.4 inch,Android 11,Unisoc T610,8 nhân 1.8 GHz,Mali-G52 MC2,4GB,64GB,5MP,13MP,6000 mAh,Dài 246.8 mm - Ngang 156.6 mm - Dày 8.2 mm,Nặng 440 g,,https://viettelstore.vn/may-doc-sach/nexta-smart-study-1-pid289223.html
Máy đọc sách Onyx Boox Note Air,12590000.0,12590000.0,0%,,,,,,,,,,,,,,,https://viettelstore.vn/may-doc-sach/may-doc-sach-onyx-boox-note-air-pid197858.html
Máy đọc sách Boox Nova Air 2,,,,1872x1404 (300 dpi),7.8 inch,Android 11,Qualcomm 2.0Ghz Octa-core  (11nm),,,3GB RAM,32GB ROM,,,2000mAh,7.8 inch,Khoảng 235g,,https://viettelstore.vn/may-doc-sach/may-doc-sach-boox-nova-air-2-pid297159.html
Máy đọc sách BOOX Tab Ultra,,,,1404x1872 (227dpi）,10.3 inch,Android 11,Qualcomm Octa-core,,,4GB RAM,128GB ROM,,16MP,6300mAh,10.3 inch,Khoảng 480g,,https://viettelstore.vn/may-doc-sach/may-doc-sach-boox-tab-ultra-pid297160.html
iPad 10.2 2021 WiFi 64GB | Chính hãng Apple Việt Nam,8990000.0,7590000.0,16%,,10.2 inches,iOS,A13 Bionic,,Apple GPU 4 nhân,,64 GB,,Camera góc siêu rộng 8MP,,250.6 x 174.1 x 7.5 mm,498g,,https://cellphones.com.vn/ipad-10-2-inch-2021.html
Samsung Galaxy Tab S9 FE 5G 6GB 128GB - Chỉ có tại CellphoneS,12990000.0,10890000.0,16%,2304 x 1440 pixels,10.9 inches,Android 13,Exynos 1380,8 nhân,,6 GB,128 GB,12 MP (góc siêu rộng),8 MP,8.000mAh,254.3 x 165.8 x 6.5 mm,524,,https://cellphones.com.vn/samsung-galaxy-tab-s9-fe.html
iPad Pro 11 inch 2022 M2 Wifi 128GB I Chính hãng Apple Việt Nam,23990000.0,19990000.0,17%,1668 x 2388 pixel,11 inches,iPadOS 16,Apple M2,,Apple GPU 10 nhân,8 GB,128 GB,"Camera góc siêu rộng 12MP, 122°, ƒ/2.4","Camera góc rộng: 12MP, ƒ/1.8
Camera góc siêu rộng: 10MP, ƒ/2.4, 125°",28.65 Wh (~ 7538 mAh),247.6 x 178.5 x 5.9 mm,466g,,https://cellphones.com.vn/ipad-pro-2022-11-inch-m2.html
iPad Air 5 10.9 inch (2022) 64GB I Chính hãng Apple Việt Nam,16990000.0,13690000.0,19%,2360 x 1640 pixel,10.9 inches,iPadOS,Chip M1,CPU 8 nhân,8 nhân,8 GB,64 GB,12MP,12MP,28.6 Wh (~ 7587 mAh),Dài 247.6 mm x Ngang 178.5 mm x Dày 6.1 mm,461 g,,https://cellphones.com.vn/ipad-air-5.html
iPad mini 6 WiFi 64GB | Chính hãng Apple Việt Nam,12990000.0,11190000.0,14%,2266 x 1488 pixels,8.3 inches,iPadOS,Apple A15 Bionic 6 nhân,,Apple GPU 5 nhân,4 GB,64 GB,12MP góc rộng,12MP khẩu độ f/1.8,19.3 Wh,195.4 × 134.8 × 6.3mm,293g,,https://cellphones.com.vn/ipad-mini-6.html
iPad Gen 10 10.9 inch 2022 Wifi 64GB I Chính hãng Apple Việt Nam,12990000.0,10890000.0,16%,1640 x 2360 pixels,10.9 inches,iPadOS 16,A14 Bionic,2 nhân 3.1 GHz & 4 nhân 1.8 GHz,Apple GPU 4 nhân,4 GB,64 GB,"Camera góc siêu rộng: 12MP, 122°, ƒ/2.4","Camera góc rộng: 12MP, ƒ/1.8",28.6 Wh (~ 7587 mAh),248.6 x 179.5 x 7 mm,477g,,https://cellphones.com.vn/ipad-10-9-inch-2022.html
Xiaomi Pad 6 8GB 128GB - Chỉ có tại CellphoneS,9490000.0,8490000.0,11%,2880 x 1800 pixels,11 inches,Android 13,Qualcomm Snapdragon 870 5G (7 nm),1x3.2 GHz Kryo 585 & 3x2.42 GHz Kryo 585 & 4x1.80 GHz Kryo 585,Adreno 650,8 GB,128 GB,"8 MP, f/2.2, 1/4"", 1.12µm","13 MP, f/2.2, PDAF",8840 mAh,253.95 x 165.18 x 6.51 mm,490 g,,https://cellphones.com.vn/xiaomi-mi-pad-6.html
iPad Pro 11 2021 M1 WiFi 128GB I Chính hãng Apple Việt Nam,23990000.0,18990000.0,21%,2048 x 2732 pixels,11 inches,iPadOS,Apple M1 8 nhân,8 nhân CPU,8 nhân GPU,8 GB,128 GB,12MP góc siêu rộng 122 độ,"12MP góc rộng
10MP góc siêu rộng",7538mAh,247.6 x 178.5 x 5.9 mm,466 g,,https://cellphones.com.vn/ipad-pro-11-2021.html
Samsung Galaxy Tab S9 Wifi 12GB 256GB,21990000.0,19090000.0,13%,1600 x 2560 pixels,11 inches,Android 13,Snapdragon 8 Gen 2,"1 nhân 3.36 GHz, 4 nhân 2.8 GHz & 3 nhân 2 GHz",Adreno 740,12 GB,256 GB,12 MP,13 MP,"8,400 mAh",165.8 x 254.3 x 5.9mm,498 g,,https://cellphones.com.vn/samsung-galaxy-tab-s9-wifi-12gb-256gb.html
Xiaomi Redmi Pad SE 6GB 128GB,5490000.0,4690000.0,15%,1920 x 1200 pixels (FullHD+),11 inches,"Android 13, MIUI Pad 14",Qualcomm SM6225 Snapdragon 680 4G (6 nm),4x2.4 GHz Kryo 265 Gold & 4x1.9 GHz Kryo 265 Silver),Qualcomm® Adreno TM,6 GB,128 GB,"5 MP, f/2.2","8 MP, F2.0, 1.12μm","8,000 mAh",255.5 x 167.1 x 7.4 mm,478 g,,https://cellphones.com.vn/xiaomi-redmi-pad-se.html
Samsung Galaxy Tab S9 FE WIFI 6GB 128GB,9990000.0,9590000.0,4%,2304 x 1440 pixels,10.9 inches,Android 13,Exynos 1380,8 nhân,,6 GB,128 GB,12 MP (góc siêu rộng),8 MP,8.000 mAh,254.3 x 165.8 x 6.5 mm,,,https://cellphones.com.vn/samsung-galaxy-tab-s9-fe-wifi.html
iPad Gen 10 10.9 inch 2022 Wifi 256GB I Chính hãng Apple Việt Nam,16990000.0,14990000.0,12%,1640 x 2360 pixels,10.9 inches,iPadOS 16,A14 Bionic,2 nhân 3.1 GHz & 4 nhân 1.8 GHz,4-core GPU,4 GB,256 GB,"Camera góc siêu rộng: 12MP, 122°, ƒ/2.4","Camera góc rộng: 12MP, ƒ/1.8",28.6 Wh (~ 7587 mAh),248.6 x 179.5 x 7 mm,477g,,https://cellphones.com.vn/ipad-10-9-inch-2022-256gb.html
Samsung Galaxy Tab S9 Ultra 12GB 256GB,32990000.0,23590000.0,28%,1848 x 2960 Pixels,14.6 inches,Android 13,Snapdragon 8 Gen 2 for Galaxy,1x3.2 GHz Cortex-X3 & 2x2.8 GHz Cortex-A715 & 2x2.8 GHz Cortex-A710 & 3x2.0 GHz Cortex-A510,Adreno 740,12 GB,256 GB,2 Camera 12 MP,Chính 13 MP & Phụ 8 MP,11200 mAh,326.4 x 208.6 x 5.5 mm,737 g,,https://cellphones.com.vn/samsung-galaxy-tab-s9-ultra.html
iPad Pro 11 inch 2022 M2 Wifi 256GB I Chính hãng Apple Việt Nam,26990000.0,23490000.0,13%,1668 x 2388 pixel,11 inches,iPadOS 16,Apple M2,,10-core GPU,8 GB,256 GB,"Camera góc siêu rộng 12MP, 122°, ƒ/2.4","Camera góc rộng: 12MP, ƒ/1.8
Camera góc siêu rộng: 10MP, ƒ/2.4, 125°",28.65 Wh (~ 7538 mAh),247.6 x 178.5 x 5.9 mm,466g,,https://cellphones.com.vn/ipad-pro-2022-11-inch-m2-256gb.html
iPad mini 6 WiFi 256GB | Chính hãng Apple Việt Nam,17990000.0,16490000.0,8%,2266 x 1488 pixels,8.3 inches,iPadOS,A15 Bionic,,Apple GPU 5 nhân,4 GB,256 GB,12MP góc rộng,12MP khẩu độ f/1.8,19.3 Wh,195.4 × 134.8 × 6.3mm,293g,,https://cellphones.com.vn/ipad-mini-6-256gb.html
iPad Air 5 10.9 inch (2022) 5G 64GB I Chính hãng Apple Việt Nam,20990000.0,16990000.0,19%,2360 x 1640 pixel,10.9 inches,iPadOS,Chip M1,CPU 8 nhân,8 nhân,8 GB,64 GB,12MP,12MP,,Dài 247.6 mm x Ngang 178.5 mm x Dày 6.1 mm,462 g,,https://cellphones.com.vn/ipad-air-5-5g.html
iPad 10.2 2021 WiFi 256GB | Chính hãng Apple Việt Nam,12990000.0,11190000.0,14%,,10.2 inches,iOS,A13 Bionic,,Apple GPU 4 nhân,,256 GB,,Camera góc siêu rộng 12MP,32.4 Wh (~ 8600 mAh),(250.6 x 174.1 x 7.5 mm,498g,,https://cellphones.com.vn/ipad-10-2-inch-2021-256gb.html
Samsung Galaxy Tab S8 WIFI - Chỉ có tại CellphoneS,17990000.0,11690000.0,35%,2560 x 1600 pixel (2K),11 inches,"Android 12, UI 4.1.",Chip Snapdragon 8 Gen 1,1x3.00 GHz Cortex-X2 & 3x2.50 GHz Cortex-A710 & 4x1.80 GHz Cortex-A510,Adreno 730,8 GB,128 GB,Camera góc siêu rộng 12MP,"Camera chính: 13MP
Camera góc siêu rộng: 6MP",8000mAh,253.8 x 165.3 x 6.3 mm,572 g,,https://cellphones.com.vn/samsung-galaxy-tab-s8-wifi.html
Samsung Galaxy Tab S8 5G,20990000.0,16990000.0,19%,2560 x 1600 pixel (2K),11 inches,"Android 12, UI 4.1.",Chip Snapdragon 8 Gen 1,1x3.00 GHz Cortex-X2 & 3x2.50 GHz Cortex-A710 & 4x1.80 GHz Cortex-A510,Adreno 730,8 GB,128 GB,Camera góc siêu rộng: 12MP,"Camera chính: 13MP
Camera góc siêu rộng: 6MP",8000mAh,253.8 x 165.3 x 6.3 mm,507 g,,https://cellphones.com.vn/samsung-galaxy-tab-s8.html
Samsung Galaxy Tab S9 FE Plus WIFI 8GB 128GB,13990000.0,13490000.0,4%,2560 x 1600 (WQXGA),12.4 inches,Android 13,Exynos 1380,,,8 GB,128 GB,12 MP (góc siêu rộng),8 MP + 8 MP (góc siêu rộng),"10,090 mAh",285.4 x 185.4 x 6.5 mm,627,,https://cellphones.com.vn/samsung-galaxy-tab-s9-fe-plus-wifi.html
iPad Gen 10 10.9 inch 2022 Wifi + 5G 64GB I Chính hãng Apple Việt Nam,16990000.0,13990000.0,18%,1640 x 2360 pixels,10.9 inches,iPadOS 16,A14 Bionic,2 nhân 3.1 GHz & 4 nhân 1.8 GHz,4-core GPU,4 GB,64 GB,"Camera góc siêu rộng: 12MP, 122°, ƒ/2.4","Camera góc rộng: 12MP, ƒ/1.8",28.6 Wh (~ 7587 mAh),248.6 x 179.5 x 7 mm,481g,,https://cellphones.com.vn/ipad-10-9-inch-2022-5g.html
Samsung Galaxy Tab S9 Wifi 8GB 128GB,19990000.0,17090000.0,15%,2560x1600 pixel (QHD+),11 inches,Android 13,Snapdragon 8 Gen 2,"1 nhân 3.36 GHz, 4 nhân 2.8 GHz & 3 nhân 2 GHz",Adreno 740,8 GB,128 GB,12 MP,13MP,8400mAh,165.8 x 254.3 x 5.9mm,498g,,https://cellphones.com.vn/samsung-galaxy-tab-s9-wifi.html
Samsung Galaxy Tab A8 (2022),6990000.0,5690000.0,19%,1920 x 1200 pixels (FullHD+),10.5 inches,"Android 11, One UI 3",The Unisoc T618,2 nhân 2.0 GHz & 6 nhân 2.0 GHz,Mali G52 MP2,4 GB,64 GB,5 MP,8 MP,7040 mAh,246.8 x 161.9 x 6.9 mm,508 g,,https://cellphones.com.vn/samsung-galaxy-tab-a8.html
Xiaomi Pad 6 8GB 256GB,10490000.0,9790000.0,7%,2880 x 1800 pixels,11 inches,Android 13,Qualcomm Snapdragon 870 5G (7 nm),1x3.2 GHz Kryo 585 & 3x2.42 GHz Kryo 585 & 4x1.80 GHz Kryo 585,Adreno 650,8 GB,256 GB,"8 MP, f/2.2, 1/4"", 1.12µm","13 MP, f/2.2, PDAF",8840 mAh,253.95 x 165.18 x 6.51 mm,490 g,,https://cellphones.com.vn/xiaomi-mi-pad-6-8gb-256gb.html
iPad mini 6 LTE 4GB 64GB | Chính hãng Apple Việt Nam,17990000.0,15390000.0,14%,2266 x 1488 pixels,8.3 inches,iPadOS,A15 Bionic,2.93 GHz,Apple GPU 5 nhân,4 GB,64 GB,12MP góc rộng,12MP khẩu độ f/1.8,19.3 Wh,195.4 × 134.8 × 6.3mm,297g,,https://cellphones.com.vn/ipad-mini-6-4g.html
iPad Pro 12.9 inch 2022 M2 Wifi 128GB I Chính hãng Apple Việt Nam,31990000.0,28990000.0,9%,2732 x 2048 pixels,12.9 inches,iPadOS 16,Apple M2 8 nhân,,Apple GPU 10 nhân,8 GB,128 GB,"12MP, 122°, ƒ/2.4","Camera góc rộng: 12MP, ƒ/1.8
Camera góc siêu rộng: 10MP, ƒ/2.4, 125°",40.88 Wh (~ 10.835 mAh),280.6 x 214.9 x 6.4 mm,682 g,,https://cellphones.com.vn/ipad-pro-2022-12-9-inch-m2.html
Samsung Galaxy Tab S9 Ultra 12GB 512GB,34990000.0,25590000.0,27%,1848 x 2960 Pixels,14.6 inches,,Snapdragon 8 Gen 2 for Galaxy,1x3.2 GHz Cortex-X3 & 2x2.8 GHz Cortex-A715 & 2x2.8 GHz Cortex-A710 & 3x2.0 GHz Cortex-A510,Adreno 740,12 GB,512 GB,2 Camera 12 MP,Chính 13 MP & Phụ 8 MP,11200 mAh,326.4 x 208.6 x 5.5 mm,737 g,,https://cellphones.com.vn/samsung-galaxy-tab-s9-ultra-512gb.html
Samsung Galaxy Tab S9 FE Plus WIFI 12GB 256GB - Chỉ có tại CellphoneS,15990000.0,15290000.0,4%,2560 x 1600 (WQXGA),12.4 inches,Android 13,Exynos 1380,,,12 GB,256 GB,12 MP (góc siêu rộng),8 MP + 8 MP (góc siêu rộng),"10,090 mAh",285.4 x 185.4 x 6.5 mm,627,,https://cellphones.com.vn/samsung-galaxy-tab-s9-fe-plus-wifi-12gb-256gb.html
Samsung Galaxy Tab S9 5G 8GB 128GB,22990000.0,20090000.0,13%,2560 x 1600 pixels (2K),11 inches,Android 13,Snapdragon® 8 Gen 2,"1 nhân 3.36 GHz, 4 nhân 2.8 GHz & 3 nhân 2 GHz",Adreno 740,8 GB,128 GB,Camera góc siêu rộng 12 MP,12 MP,"8,400mAh",254.3 x 165.8 x 5.9 mm,500g,,https://cellphones.com.vn/samsung-galaxy-tab-s9.html
iPad Pro 11 inch 2022 M2 Wifi + 5G 128GB I Chính hãng Apple Việt Nam,27990000.0,23690000.0,15%,1668 x 2388 pixel,11 inches,iPadOS 16,Apple M2,,10-core GPU,8 GB,128 GB,"Camera góc siêu rộng 12MP, 122°, ƒ/2.4","Camera góc rộng: 2MP, ƒ/1.8
Camera góc siêu rộng: 10MP, ƒ/2.4, 125°",28.65 Wh (~ 7538 mAh),247.6 x 178.5 x 5.9 mm,466g,,https://cellphones.com.vn/ipad-pro-2022-11-inch-m2-5g.html
iPad 10.2 2021 4G 64GB | Chính hãng Apple Việt Nam,11990000.0,10290000.0,14%,1620 x 2160 pixels,10.2 inches,iOS,Apple A13 Bionic (7 nm+),,Apple GPU 4 nhân,,64 GB,,Camera góc siêu rộng 12MP,32.4 Wh (~ 8600 mAh),250.6 x 174.1 x 7.5 mm,498 g,,https://cellphones.com.vn/ipad-10-2-inch-2021-4g.html
Samsung Galaxy Tab A7 Lite,4490000.0,3990000.0,11%,,8.7 inches,Android 11,Mediatek Helio P22T,4 nhân 2.3 GHz & 4 nhân 1.8 GHz,IMG PowerVR GE8320,3 GB,32 GB,2 MP,8 MP,5100 mAh,212.5 x 124.7 x 8 mm,371g,,https://cellphones.com.vn/samsung-galaxy-tab-a7-lite.html
Samsung Galaxy Tab S7 FE (4G),13990000.0,9790000.0,30%,2560 x 1600 pixels (2K),12.4 inches,"Android 11, One UI 3.1",Qualcomm SM7225 Snapdragon 750G (8 nm),2x2.2 GHz Kryo 570 & 6x1.8 GHz Kryo 570,Adreno 619,4 GB,64 GB,5 MP,8 MP,10090 mAh,185.0 x 284.8 x 6.3 mm,608 g,,https://cellphones.com.vn/samsung-galaxy-tab-s7-fe.html
iPad Pro 12.9 inch 2022 M2 Wifi + 5G 256GB I Chính hãng Apple Việt Nam,38990000.0,36490000.0,6%,2732 x 2048 pixels,12.9 inches,iPadOS 16,Apple M2,8-core CPU,10-core GPU,8 GB,256 GB,"12MP, 122°, ƒ/2.4","Camera góc rộng: 12MP, ƒ/1.8
Camera góc siêu rộng: 10MP, ƒ/2.4, 125°",40.88 Wh (~ 10.835 mAh),280.6 x 214.9 x 6.4 mm,685g,,https://cellphones.com.vn/ipad-pro-2022-12-9-inch-m2-5g-256gb.html
Samsung Galaxy Tab S8 WIFI 8GB 256GB,20990000.0,12390000.0,41%,2560 x 1600 pixel (2K),11 inches,"Android 12, UI 4.1.",Chip Snapdragon 8 Gen 1,1x3.00 GHz Cortex-X2 & 3x2.50 GHz Cortex-A710 & 4x1.80 GHz Cortex-A510,Adreno 730,8 GB,256 GB,Camera góc siêu rộng 12MP,"Camera chính: 13MP
Camera góc siêu rộng: 6MP",8000mAh,253.8 x 165.3 x 6.3 mm,572 g,,https://cellphones.com.vn/samsung-galaxy-tab-s8-wifi-256gb.html
Máy đọc sách Kindle Paperwhite 5 8GB,5990000.0,3850000.0,36%,,6.8 inches,,,,,,8 GB,,,,124.6 x 174.2 x 8.1 mm,205 g,,https://cellphones.com.vn/may-doc-sach-kindle-paperwhite-5.html
Samsung Galaxy Tab S9 Plus Wifi 12GB 512GB,27990000.0,24890000.0,11%,1752 x 2800 pixel,12.4 inches,Android 13,Snapdragon 8 Gen 2 for Galaxy,"1 nhân 3.36 GHz, 4 nhân 2.8 GHz & 3 nhân 2 GHz",Adreno 740,12 GB,512 GB,12 MP UW,13 MP + 8 MP UW,10.090 mAh,285.4 x 185.4 x 5.7 mm,581 g,,https://cellphones.com.vn/samsung-galaxy-tab-s9-plus-wifi-512gb.html
Xiaomi Pad 5 (6GB/256GB),10490000.0,8490000.0,19%,2560 x 1600 pixels (2K),11 inches,"Android 11, MIUI 12.5",Qualcomm Snapdragon 860 (7 nm),Octa-core (1x2.96 GHz Kryo 485 Gold & 3x2.42 GHz Kryo 485 Gold & 4x1.78 GHz Kryo 485 Silver),Adreno 640,6 GB,256 GB,"8 MP, f/2.0","13 MP, f/2.0",Li-Po 8720 mAh,,,,https://cellphones.com.vn/xiaomi-mi-pad-5-256gb.html
iPad Pro 11 inch 2022 M2 Wifi + 5G 256GB I Chính hãng Apple Việt Nam,30990000.0,27490000.0,11%,1668 x 2388 pixel,11 inches,iPadOS 16,Apple M2,,10-core GPU,8 GB,256 GB,"Camera góc siêu rộng 12MP, 122°, ƒ/2.4","Camera góc rộng: 2MP, ƒ/1.8
Camera góc siêu rộng: 10MP, ƒ/2.4, 125°",28.65 Wh (~ 7538 mAh),247.6 x 178.5 x 5.9 mm,466g,,https://cellphones.com.vn/ipad-pro-2022-11-inch-m2-5g-256gb.html
Samsung Galaxy Tab S8 Ultra 5G,30990000.0,27990000.0,10%,,14.6 inches,"Android 12, One UI 4.1",Qualcomm Snapdragon 8 Gen 1 (4 nm),Octa-core (1x3.00 GHz Cortex-X2 & 3x2.50 GHz Cortex-A710 & 4x1.80 GHz Cortex-A510),Adreno 730,8 GB,128 GB,"12 MP, f/2.2 (góc rộng)
12MP (góc siêu rộng)","13 MP, f/2.0 góc rộng
6 MP, f/2.2 góc siêu rộng",Li-Po 11200 mAh,326.4 x 208.6 x 5.5 mm,726 g,,https://cellphones.com.vn/samsung-galaxy-tab-s8-ultra.html
Máy đọc sách Kindle 2022 11th Generation 16GB,3490000.0,3190000.0,9%,,6.0 inches,,,,,,16 GB,,,,6.2” x 4.3” x 0.32” (157.8 x 108.6 x 8.0 mm).,158 g,,https://cellphones.com.vn/may-doc-sach-kindle-2022-11th-generation-16gb.html
Máy tính bảng TCL Tab 10L WIFI 3GB 32GB,2490000.0,2490000.0,0%,800 x 1280 pixels,10.1 inches,Android 13,,4 x Cortex-A53 @1.8GHz MTK8766 Quad-Core,GE8300,3 GB,32 GB,2MP,2MP,6000mAh,241.2 x 156.6 x 7.99 mm,472g,,https://cellphones.com.vn/tcl-tab-10l-wifi.html
Samsung Galaxy Tab S9 Plus 5G 12GB 256GB,28990000.0,25890000.0,11%,1752 x 2800 pixel,12.9 inches,,Snapdragon 8 Gen 2 for Galaxy,"1 nhân 3.36 GHz, 4 nhân 2.8 GHz & 3 nhân 2 GHz",Adreno 740,12 GB,256 GB,12 MP UW,13 MP + 8 MP UW,10.090 mAh,285.4 x 185.4 x 5.64 mm,586g,,https://cellphones.com.vn/samsung-galaxy-tab-s9-plus.html
iPad Pro 12.9 inch 2022 M2 Wifi 256GB I Chính hãng Apple Việt Nam,34990000.0,32490000.0,7%,2732 x 2048 pixels,12.9 inches,iPadOS 16,Apple M2 8 nhân,,10-core GPU,8 GB,256 GB,"12MP, 122°, ƒ/2.4","Camera góc rộng: 12MP, ƒ/1.8
Camera góc siêu rộng: 10MP, ƒ/2.4, 125°",40.88 Wh (~ 10.835 mAh),280.6 x 214.9 x 6.4 mm,682,,https://cellphones.com.vn/ipad-pro-2022-12-9-inch-m2-256gb.html
Máy tính bảng Lenovo Tab M10 Gen 3 4GB 64GB ZAAF0009VN,6190000.0,4890000.0,21%,1920 x 1200 pixels (WUXGA),10.1 inches,Android 11,Unisoc T610,2x A75 @1.8GHz + 6x A55 @1.8GHz,Mali-G52 3EE,4 GB,64 GB,5 MP,8 MP,5000mAh,239.84 x 158.62 x 8.5 mm,460 g,,https://cellphones.com.vn/lenovo-tab-m10-gen-3-4gb-64gb.html
Samsung Galaxy Tab S9 Ultra 16GB 1TB,38990000.0,29290000.0,25%,,14.6 inches,,Snapdragon 8 Gen 2,,,16 GB,1 TB,"Camera góc rộng: 12 MP
Camera góc siêu rộng: 12 MP","Camera góc rộng: 13 MP
Camera góc siêu rộng: 8 MP",11200 mAh,,737 g,,https://cellphones.com.vn/samsung-galaxy-tab-s9-ultra-1tb.html
Máy tính bảng Lenovo Tab P11 Plus 4GB 64GB ZA9L0163VN,8190000.0,5490000.0,33%,1200 x 2000 pixels,11 inches,Android 11,MediaTek Helio G90T,2 nhân 2.05 GHz & 6 nhân 2 GHz,Mali G-76 MC4,4 GB,64 GB,8.0 MP,13.0 MP,7700 mAh (pin Li-Po),258.4 x 163 x 7.5 mm,490g,,https://cellphones.com.vn/lenovo-tab-p11-plus.html
Samsung Galaxy Tab S9 5G 12GB 256GB,24990000.0,21990000.0,12%,1600 x 2560 pixels,11 inches,Android 13,Snapdragon 8 Gen 2,"1 nhân 3.36 GHz, 4 nhân 2.8 GHz & 3 nhân 2 GHz",Adreno 740,12 GB,256 GB,12 MP,13 MP,"8,400 mAh",254.3 x 165.8 x 5.9 mm,500g,,https://cellphones.com.vn/samsung-galaxy-tab-s9-12gb-256gb.html
Nokia T21 4GB 128GB,5990000.0,5750000.0,4%,1200 x 2000 pixels,10.36 inches,Android 12,Unisoc Tiger T612 (12 nm),"2x1,8 GHz Cortex-A75 & 6x1,8 GHz Cortex-A55",Mali-G57,4 GB,128 GB,8 MP,"8 MP, AF",8200 mAh,"247,5 x 157,3 x 7,5 mm",466 g,,https://cellphones.com.vn/nokia-t21.html
Máy đọc sách Kindle Kids 2022 16GB,3990000.0,2890000.0,28%,,6.0 inches,,,,,16 GB,,,,,"158,8 x 114,4 x 13,6 mm",256 g,,https://cellphones.com.vn/may-doc-sach-kindle-kids-2022-16gb-ocean-explorer.html
iPad Pro 12.9 inch 2022 M2 Wifi + 5G 128GB | Chính Hãng,35990000.0,31990000.0,11%,2732 x 2048 pixels,12.9 inches,iPadOS 16,Apple M2,8-core CPU,10-core GPU,8 GB,128 GB,"12MP, 122°, ƒ/2.4","Camera góc rộng: 12MP, ƒ/1.8
Camera góc siêu rộng: 10MP, ƒ/2.4, 125°",40.88 Wh (~ 10.835 mAh),280.6 x 214.9 x 6.4 mm,682g,,https://cellphones.com.vn/ipad-pro-2022-12-9-inch-m2-5g.html
Samsung Galaxy Tab S9 Plus 5G 12GB 512GB,30990000.0,27590000.0,11%,1752 x 2800 pixel,12.4 inches,Android 13,Snapdragon 8 Gen 2 for Galaxy,"1 nhân 3.36 GHz, 4 nhân 2.8 GHz & 3 nhân 2 GHz",Adreno 740,12 GB,512 GB,12 MP UW,13 MP + 8 MP UW,10.090 mAh,285.4 x 185.4 x 5.64 mm,586g,,https://cellphones.com.vn/samsung-galaxy-tab-s9-plus-512gb.html
Xiaomi Pad 6 Pro,,,,2880 x 1800 pixels,11 inches,Android 13,Snapdragon 8+,,Adreno™,8 GB,128 GB,"20MP, f/2.2, 1/3.4"" 1.6um","50MP, f/1.8, PDAF, 1/2.76,"" 1.28um",8600 mAh,253.95 x 165.18 x 6.51 mm,490g,,https://cellphones.com.vn/xiaomi-pad-6-pro.html
Máy tính bảng TCL Tab 11 WIFI 4GB 128GB,4990000.0,4490000.0,10%,1200 x 2000 pixels,10.95 inches,Android 13,Mediatek Helio P60T Octa-core,,Imagination PowerVR GE8320,4 GB,128 GB,8MP,8MP,8000mAh,257.0 x 161.6 x 6.9 mm,462 g,,https://cellphones.com.vn/tcl-tab-11.html
Redmi Pad 3GB 64GB,6290000.0,5050000.0,20%,1200 x 2000 pixels,10.61 inches,Android 12,MediaTek Helio G99,"2x2,2 GHz Cortex-A76 & 6x2,0 GHz Cortex-A55",Mali-G57 MC2,3 GB,64 GB,"Camera góc siêu rộng: 8MP, 105°","Camera góc rộng: 8 MP, AF",8000mAh,250.5 x 158.1 x 7.1 mm,465 g,,https://cellphones.com.vn/redmi-pad-5g.html
Lenovo Yoga Tab 11,10990000.0,8990000.0,18%,1200 x 2000 pixels,11 inches,Android 11,MediaTek Helio G90T,2 nhân 2.05 GHz & 6 nhân 2 GHz,Mali-G76,4 GB,128 GB,8 MP,8 MP,7500 mAh,256.8 - 169 - 7.9-8.3 mm (Dài x Ngang x Dày),655 g,,https://cellphones.com.vn/lenovo-yoga-tab-11.html
OPPO Pad Air,6990000.0,5990000.0,14%,1200 x 2000 pixels,10.36 inches,ColorOS 12.1,Snapdragon® 680 8 nhân 6nm,2.4 GHz,Adreno ™ 610,4 GB,64 GB,5MP (f/2.2),8MP (f/2.0),7100mAh,"24.508 x 15.484 x 0,694cm",440g,,https://cellphones.com.vn/oppo-pad-air.html
OnePlus Pad,,,,,12.4 inches,,Snapdragon 865,,,6 GB,128 GB,,13 MP và 5 MP,10.090 mAh,,,,https://cellphones.com.vn/oneplus-pad.html
Máy tính bảng Lenovo Tab M10 Gen 2 2GB 32GB,5190000.0,3490000.0,33%,800 x 1280 pixels,10 inches,Android 10,MediaTek Helio P22T,2.3 GHz,IMG PowerVR GE8320,2 GB,32 GB,5 MP,8 MP,5000 mAh,241.54 x 149.38 - 8.25 mm,420 g,,https://cellphones.com.vn/lenovo-tab-m10-gen-2.html
Samsung Galaxy Tab S9 Plus Wifi 12GB 256GB,25990000.0,22990000.0,12%,1752 x 2800 pixel,12.4 inches,,Snapdragon 8 Gen 2 for Galaxy,"1 nhân 3.36 GHz, 4 nhân 2.8 GHz & 3 nhân 2 GHz",Adreno 740,12 GB,256 GB,12 MP UW,13 MP + 8 MP UW,"10,090mAh",285.4 x 185.4 x 5.7 mm,581 g,,https://cellphones.com.vn/samsung-galaxy-tab-s9-plus-wifi.html
Samsung Galaxy Tab A9+ WIFI 4GB 64GB,5990000.0,5990000.0,0%,1200 x 1920 pixels,11 inches,Android 13,Snapdragon 695 8 nhân,2x2.2 GHz Kryo 660 Gold & 6x1.7 GHz Kryo 660 Silver,Adreno 619,4 GB,64 GB,5 MP,"8 MP, AF",7040 mAh,257.1 x 168.7 x 6.9 mm,480 g,,https://cellphones.com.vn/samsung-galaxy-tab-a9-plus.html
Xiaomi Pad 6 8GB 128GB,,,,2880 x 1800 pixels,11 inches,Android 13,Qualcomm Snapdragon 870 5G (7 nm),1x3.2 GHz Kryo 585 & 3x2.42 GHz Kryo 585 & 4x1.80 GHz Kryo 585,Adreno 650,8 GB,128 GB,"8 MP, f/2.2, 1/4"", 1.12µm","13 MP, f/2.2, PDAF",8840 mAh,253.95 x 165.18 x 6.51 mm,490 g,,https://cellphones.com.vn/xiaomi-mi-pad-6-8gb-128gb.html
iPad Pro 12.9 inch 2022 M2 Wifi 512GB I Chính hãng Apple Việt Nam,39990000.0,35490000.0,11%,2732 x 2048 pixels,12.9 inches,iPadOS 16,Apple M2,,Apple GPU 10 nhân,8 GB,512 GB,"12MP, 122°, ƒ/2.4","Camera góc rộng: 12MP, ƒ/1.8
Camera góc siêu rộng: 10MP, ƒ/2.4, 125°",40.88 Wh (~ 10.835 mAh),280.6 x 214.9 x 6.4 mm,682 g,,https://cellphones.com.vn/ipad-pro-2022-12-9-inch-m2-512gb.html
iPad Gen 11,,,,,10.9 inches,,A15 Bionic,,,,,,,,,,,https://cellphones.com.vn/ipad-10-9-inch-2023.html
Lenovo Tab P11 Pro,14590000.0,9390000.0,36%,2560 x 1600 pixels (2K),11.5 inches,Android 10,Snapdragon 730G (8 nm),"8 nhân (8 x Kryo 470 CPU, up to 2.2 GHz)",Adreno 618,4 GB,128 GB,8MP,13MP + 5MP,Li-Po 8600 mAh,264.3 x 171.4 x 5.8 mm,485 g,,https://cellphones.com.vn/lenovo-tab-p11-pro.html
Máy tính bảng TCL Tab 10 4G 4GB 64GB,4490000.0,4490000.0,0%,1200 x 2000 pixels,10.36 inches,Android 13,,4x ARM Cortex-A53 @ 2.0 GHz; 4x ARM Cortex-A53 @ 1.5 GHz MT8768 Octa-core,650MHz GE8320,4 GB,64 GB,5MP,8MP,6000mAh,244.94x 154.7 x 7.35 mm,425 g,,https://cellphones.com.vn/tcl-tab-10.html
Vivo Pad Air,,,,,11.5 inches,Android 13,Qualcomm SM8250-AC Snapdragon 870 5G (7 nm),1x3.2 GHz Kryo 585 & 3x2.42 GHz Kryo 585 & 4x1.80 GHz Kryo 585,Adreno 650,8 GB,128 GB,5 MP,8 MP,8500 mAh,259.7 x 176 x 6.7 mm,530 g,,https://cellphones.com.vn/vivo-pad-air.html
vivo Pad 2,,,,1968 x 2800 pixels,12.1 inches,Android 13,Mediatek Dimensity 9000 (4 nm),1x3.05 GHz Cortex-X2 & 3x2.85 GHz Cortex-A710 & 4x1.80 GHz Cortex-A510,Mali-G710 MC10,8 GB,128 GB,"Camera góc rộng: 8 MP, f/2.0, 1/4.0"", 1.12µm","Camera góc siêu rộng: 13 MP, f/2.2, 21mm, 112˚, 1.12µm, AF
Camera macro: 2 MP, f/2.4",10000 mAh,266 x 191.6 x 6.6 mm,585 g,,https://cellphones.com.vn/vivo-pad-2.html
Mi pad 6 8GB 256GB,,,,2880 x 1800 pixels,11 inches,Android 13,Qualcomm Snapdragon 870 5G (7 nm),1x3.2 GHz Kryo 585 & 3x2.42 GHz Kryo 585 & 4x1.80 GHz Kryo 585,Adreno 650,8 GB,256 GB,"8 MP, f/2.2, 1/4"", 1.12µm","13 MP, f/2.2, PDAF",8840 mAh,253.95 x 165.18 x 6.51 mm,490 g,,https://cellphones.com.vn/xiaomi-pad-6-8gb-256gb.html
Samsung Galaxy Tab S9 FE+,,,,,12.4 inches,,,,,8 GB,128 GB,,,,,,,https://cellphones.com.vn/samsung-galaxy-tab-s9-fe-plus.html
Xiaomi Redmi Pad 2022,,,,1200 x 2000 pixels,10.61 inches,Android 12,Mediatek Helio G99 (6nm),2x2.2 GHz & 6x2.0 GHz,GPU Mali-G57 MC2,3 GB,64 GB,"Camera góc siêu rộng:8 MP, f/2.3, 105°","Camera góc rộng: 8 MP, f/2.0",8000 mAh,250.38 x 157.98 x 7.05 mm,445 g,,https://cellphones.com.vn/xiaomi-redmi-pad-2022.html
Lenovo Legion Y900,,,,,14.5 inches,,MediaTek Dimensity 9000,,,12 GB,256 GB,13MP,"13MP
5MP","12,300 mAh",327.8 x 210.8 x 5.85mm,740g,,https://cellphones.com.vn/lenovo-legion-y900.html
iPad Pro 11 inch 2022 M2 Wifi 2TB I Chính hãng Apple Việt Nam,55990000.0,55990000.0,0%,1668 x 2388 pixel,11 inches,iPadOS 16,Apple M2,8-core CPU,10-core GPU,8 GB,2 TB,"Camera góc siêu rộng 12MP, 122°, ƒ/2.4","Camera góc rộng: 12MP, ƒ/1.8
Camera góc siêu rộng: 10MP, ƒ/2.4, 125°",Tích hợp pin lithium-polymer,247.6 x 178.5 x 5.9 mm,466g,,https://cellphones.com.vn/ipad-pro-2022-11-inch-m2-2tb.html
iPad Pro 12.9 inch 2022 M2 Wifi + 5G 2TB I Chính hãng Apple Việt Nam,,,,2732 x 2048 pixels,12.9 inches,iPadOS 16,Apple M2,,10-core GPU,8 GB,2 TB,"12MP, 122°, ƒ/2.4","Camera góc rộng: 12MP, ƒ/1.8
Camera góc siêu rộng: 10MP, ƒ/2.4, 125°",40.88 Wh (~ 10.835 mAh),280.6 x 214.9 x 6.4 mm,685g,,https://cellphones.com.vn/ipad-pro-2022-12-9-inch-m2-5g-2tb.html
iPad Pro 12.9 inch 2022 M2 Wifi + 5G 1TB I Chính hãng Apple Việt Nam,,,,2732 x 2048 pixels,12.9 inches,iPadOS 16,Apple M2,,10-core GPU,8 GB,1 TB,"12MP, 122°, ƒ/2.4","Camera góc rộng: 12MP, ƒ/1.8
Camera góc siêu rộng: 10MP, ƒ/2.4, 125°",40.88 Wh (~ 10.835 mAh),280.6 x 214.9 x 6.4 mm,685g,,https://cellphones.com.vn/ipad-pro-2022-12-9-inch-m2-5g-1tb.html
iPad Pro 11 inch 2022 M2 Wifi 1TB I Chính hãng Apple Việt Nam,44990000.0,44990000.0,0%,1668 x 2388 pixel,11 inches,iPadOS 16,Apple M2,8-core CPU,10-core GPU,8 GB,1 TB,"Camera góc siêu rộng 12MP, 122°, ƒ/2.4","Camera góc rộng: 12MP, ƒ/1.8
Camera góc siêu rộng: 10MP, ƒ/2.4, 125°",28.65 Wh (~ 7538 mAh),247.6 x 178.5 x 5.9 mm,466g,,https://cellphones.com.vn/ipad-pro-2022-11-inch-m2-1tb.html
Xiaomi Pad 6 Max,,,,1080x2460 pixels,12.4 inches,Android 13,Qualcomm Snapdragon 870,,,6 GB,128 GB,8 MP,20 MP,10000 mAh,,,,https://cellphones.com.vn/xiaomi-pad-6-max.html
Redmi Writing Pad,,,,,13.5 inches,,,,,,,,,,318 x 225 x 7mm,0.345g,,https://cellphones.com.vn/xiaomi-redmi-writing-pad.html
Masstel Tab 10M,,,,800 x 1280 pixels,10.1 inches,Android 11,,Quad-Core SCT310,PowerVR GE8300,3 GB,32 GB,2.0 MP,5.0 MP,6000 mAh,224 x 162.6 x 9.2 mm,536 g,,https://cellphones.com.vn/masstel-tab-10m.html
Realme Pad 2,,,,1200 x 2000 pixels,11.5 inches,Android 13,Helio G99,,,8 GB,128 GB,,20MP,"8,360 mAh",,,,https://cellphones.com.vn/realme-pad-2.html
Máy Tính Bảng Lenovo tab M10 Gen 3 (ZAAF0025VN),,,,1200 x 2000 pixels,10.1 inches,Android 11,Unisoc T610,"8C, 2x A75 @1.8GHz + 6x A55 @1.8GHz",ARM Mali G52,3 GB,32 GB,5.0 MP,8.0 MP,5000mAh,"239,84 x 158,62 x 8,5 mm",460 g,,https://cellphones.com.vn/lenovo-tab-m10-gen-3.html
OPPO Pad Air 2,,,,,,,,,,,,,,"8,000 mAh",,,,https://cellphones.com.vn/oppo-pad-air-2.html
Xiaomi Redmi Pad SE 6GB 128GB,,,,1920 x 1200 pixels (FullHD+),11 inches,"Android 13, MIUI Pad 14",Qualcomm SM6225 Snapdragon 680 4G (6 nm),4x2.4 GHz Kryo 265 Gold & 4x1.9 GHz Kryo 265 Silver),Qualcomm® Adreno TM,6 GB,128 GB,"5 MP, f/2.2","8 MP, F2.0, 1.12μm","8,000 mAh",255.5 x 167.1 x 7.4 mm,478 g,,https://cellphones.com.vn/xiaomi-redmi-pad-se-6gb-128gb.html
Blackview Active 8 Pro,,,,1200 x 2000 pixels,10.36 inches,Android 13,MediaTek Helio G99,"Lõi 8,2*A76@2.2GHz；6*A55@2.0 GHz",,8 GB,256 GB,16MP,48MP,"22,000mAh",Độ dày 18.4mm,208g,,https://cellphones.com.vn/blackview-active-8-pro.html
iPad Pro 12.9 inch 2022 M2 Wifi 2TB I Chính hãng Apple Việt Nam,63990000.0,63990000.0,0%,2732 x 2048 pixels,12.9 inches,iPadOS 16,Apple M2,,10-core GPU,8 GB,2 TB,"12MP, 122°, ƒ/2.4","Camera góc rộng: 12MP, ƒ/1.8
Camera góc siêu rộng: 10MP, ƒ/2.4, 125°",40.88 Wh (~ 10.835 mAh),280.6 x 214.9 x 6.4 mm,682 g,,https://cellphones.com.vn/ipad-pro-2022-12-9-inch-m2-2tb.html
Lenovo Tab Extreme,,,,1876 x 3000 pixels,14.5 inches,Android 13,Mediatek Dimensity 9000 (4 nm),1x3.05 GHz Cortex-X2 & 3x2.85 GHz Cortex-A710 & 4x1.80 GHz Cortex-A510,Mali-G710 MC10,12 GB,256 GB,Camera góc siêu rộng: 13MP,"Camera góc rộng: 13MP, f/2.4, AF
Camera góc siêu rộng: 5MP, f/2.2",12300 mAh,"327,8 x 210,8 x 5,9 mm",740 g,,https://cellphones.com.vn/lenovo-tab-extreme.html
iPad Pro 12.9 inch 2022 M2 Wifi 1TB I Chính hãng Apple Việt Nam,51990000.0,51990000.0,0%,2732 x 2048 pixels,12.9 inches,iPadOS 16,Apple M2,,10-core GPU,8 GB,1 TB,"12MP, 122°, ƒ/2.4","Camera góc rộng: 12MP, ƒ/1.8
Camera góc siêu rộng: 10MP, ƒ/2.4, 125°",40.88 Wh (~ 10.835 mAh),280.6 x 214.9 x 6.4 mm,682 g,,https://cellphones.com.vn/ipad-pro-2022-12-9-inch-m2-1tb.html
Mi pad 6 8GB 128GB,,,,2880 x 1800 pixels,11 inches,Android 13,Qualcomm Snapdragon 870 5G (7 nm),1x3.2 GHz Kryo 585 & 3x2.42 GHz Kryo 585 & 4x1.80 GHz Kryo 585,Adreno 650,8 GB,128 GB,"8 MP, f/2.2, 1/4"", 1.12µm","13 MP, f/2.2, PDAF",8840 mAh,253.95 x 165.18 x 6.51 mm,490 g,,https://cellphones.com.vn/xiaomi-pad-6-8gb-128gb.html
iPad Pro 11 inch 2022 M2 Wifi + 5G 2TB I Chính hãng Apple Việt Nam,59990000.0,59990000.0,0%,1668 x 2388 pixel,11 inches,iPadOS 16,Apple M2,8-core CPU,10-core GPU,8 GB,2 TB,"Camera góc siêu rộng 12MP, 122°, ƒ/2.4","Camera góc rộng: 2MP, ƒ/1.8
Camera góc siêu rộng: 10MP, ƒ/2.4, 125°",28.65 Wh (~ 7538 mAh),247.6 x 178.5 x 5.9 mm,466g,,https://cellphones.com.vn/ipad-pro-2022-11-inch-m2-5g-2tb.html
Nokia T21 4GB 128GB,,,,1200 x 2000 pixels,10.36 inches,Android 12,Unisoc Tiger T612 (12 nm),"2x1,8 GHz Cortex-A75 & 6x1,8 GHz Cortex-A55",Mali-G57,4 GB,128 GB,8 MP,"8 MP, AF",8200 mAh,"247,5 x 157,3 x 7,5 mm",466 g,,https://cellphones.com.vn/nokia-t21-4gb-128gb.html
Realme Pad Mini,,,,800 x 1340 pixels,8.7 inches,Android 11,Unisoc Tiger T616 (12 nm),Octa-core (2x2.0 GHz Cortex-A75 & 6x1.8 GHz Cortex-A55),Mali-G57 MP1,3 GB,32 GB,"5 MP, f/2.2, 77°","8 MP, f/2.0, 76.9°",Li-Po 6400 mAh (Không thể tháo rời),211.8 x 124.5 x 7.6 mm,372 g,,https://cellphones.com.vn/realme-pad-mini.html
Masstel Hapi 15,,,,720 x 1440 pixels,5.45 inches,Android 11 (Go Edition),Spreadtrum SC9832E,Max 1.4 GHz,Mali T820 MP1 650MHz,2 GB,16 GB,5.0 MP,5.0 MP,2500 mAh,149.7 * 72.2 * 9.7mm,143 g,,https://cellphones.com.vn/masstel-hapi-15.html
LG Ultra Tab,,,,1200 x 2000 pixels,10.4 inches,Android 12,Snapdragon 680 4G (6 nm),4x2.4 GHz Kryo 265 Gold & 4x1.9 GHz Kryo 265 Silve,Adreno 610,4 GB,64 GB,5 MP,Camera chính: 8 MP,7040 mAh,247.6 x 157.3 x 7.1 mm,458 g,,https://cellphones.com.vn/lg-ultra-tab.html
Masstel Lux 10,,,,240 x 320 pixels,2.4 inches,,Unisoc T107,,,,128 MB,,,1400 mAh,126.5 x 53.8 x 13.4 mm,137.6 g,,https://cellphones.com.vn/masstel-lux-10.html
masstel izi 20 4g,,,,,1.77 inches,,Unisoc UMS9117,,,,128 MB,,0.08 MP,1700 mAh,117.5 x 49.7 x 16.5 mm,100 g,,https://cellphones.com.vn/masstel-izi-20-4g.html
Xiaomi Redmi Pad 2 3GB 32GB,,,,1920 x 1200 pixels (FullHD+),,,Snapdragon 680,"4 nhân Cortex-A73 xung nhịp 2.4 GHz, 4 nhân Cortex-A53 xung nhịp 1.8 GHz",Adreno 610,3 GB,32 GB,5 MP,8 MP,10.000 mAh,,,,https://cellphones.com.vn/xiaomi-redmi-pad-2.html
Honor Pad X8 Lite,,,,800 x 1280 pixels,9.7 inches,Android S + MagicUI 6.1,MediaTek MT8786,2×Cortex A75 2.0GHz + 6×Cortex A55 1.8GHz,,3 GB,32 GB,2MP,5MP,5100mAh,"240,2 x 159 x 7,55mm",460 g,,https://cellphones.com.vn/honor-pad-x8-lite.html
Lenovo Legion Y700,,,,1600 x 2560 pixels,,Android 13,Snapdragon 8+ Gen 1,1x3.2 GHz Kryo 585 & 3x2.42 GHz Kryo 585 & 4x1.80 GHz Kryo 585,Adreno 650,12 GB,128 GB,13MP,"Camera góc rộng:13 MP
Camera góc siêu rộng: 5 MP",6550mAh,"207,1 x 128,1 x 7,9 mm",375g,,https://cellphones.com.vn/lenovo-legion-y700.html
masstel izi 300,,,,240 x 320 pixels,2.4 inches,,SC6531E,,,,,,0.08 MP,2500 mAh,127 x 53 x 14.5 mm,134.3 g,,https://cellphones.com.vn/masstel-izi-300.html
Huawei MatePad C7,,,,2560 x 1600 (WQXGA),10.9 inches,HarmonyOS 2,Snapdragon™ 865,"1 x Cortex-A77 Dựa trên 2,84 GHz + 3 x Cortex-A77 Dựa trên 2,4 GHz + 4 x Dựa trên Cortex-A55 1,8 GHz",Adreno 650,6 GB,128 GB,"8 MP, f/2.0","13 MP, f/1.8",7250 mAh,"165,3 x 253,8 x 7,25mm",485 g,,https://cellphones.com.vn/huawei-matepad-c7.html
Máy Tính Bảng Lenovo Tab M8,,,,800 x 1280 pixels,8.0 inches,Android 9,MediaTek Helio A22,4 nhân 2 GHz,Integrated IMG GE8300 Graphics,3 GB,32 GB,2 MP,5 MP,5000 mAh,199.1 x 121.8 x 8.15 mm,305 g,,https://cellphones.com.vn/lenovo-tab-m8.html
iPad 10.8 2020 Wifi 64GB,,,,1620 x 2160 pixels,10.2 inches,iOS,Apple A12 Bionic (7 nm),"2 nhân 2.5 GHz
4 nhân 1.6 GHz",Apple GPU,3 GB,32 GB,"2 MP, khẩu độ f/2.2","8 MP, khẩu độ f/2.4",Khoảng 8.200 mAh,250.6 x 174.1 x 7.5 mm,490 g,,https://cellphones.com.vn/ipad-10-8-2020-wifi-64gb.html
Samsung Galaxy Tab S8 Ultra 12GB 256GB,,,,,,,Snapdragon 8 Gen 2 (4 nm),1x3.2 GHz Cortex-X3 & 2x2.8 GHz Cortex-A715 & 2x2.8 GHz Cortex-A710 & 3x2.0 GHz Cortex-A510,Adreno 740,,,"Camera góc rộng: 12 MP, f/2.2, 26mm
Camera góc siêu rộng: 12 MP, f/2.4, 120˚","Camera góc rộng: 13 MP, f/2.0, 26mm, 1/3.4"", 1.0µm, AF
Camera góc siêu rộng: 6 MP, f/2.2",,326.4 x 208.6 x 5.5 mm,737 g,,https://cellphones.com.vn/samsung-galaxy-tab-s8-ultra-256gb.html
Acer Iconia Tab M10,,,,1920 x 1200 pixels (FullHD+),10.1 inches,Android 12,MediaTek Kompanio 500,,,4 GB,64 GB,5MP,13MP,"6,000 mAh",Độ dày 8.6 mm,460 gram,,https://cellphones.com.vn/acer-iconia-tab-m10.html
Acer Iconia Tab M1,,,,800 x 1280 pixels,8.0 inches,Windows 8.1,Intel Atom Z3735G,Quad-Core 1.33 GHz,,1 GB,32 GB,2 MP,2 MP,4600mAh,,,,https://cellphones.com.vn/acer-iconia-tab-m1.html
Xiaomi Redmi Pad,,,,1200 x 2000 pixels,,Android 12,MediaTek Helio G99 (6nm),"2x2,2 GHz Cortex-A76 & 6x2,0 GHz Cortex-A55",Mali-G57 MC2,3 GB,64 GB,8 MP,"8 MP, AF",8000 mAh,Độ dày 7 mm,445 g,,https://cellphones.com.vn/xiaomi-redmi-pad-54290.html
masstel izi 12 4g,,,,120 x 160 pixels,1.77 inches,,Unisoc T107,1.00 GHz,,,128 MB,,0.08 MP,1000 mAh,112 x 47x 14 mm,68.8 g,,https://cellphones.com.vn/masstel-izi-12-4g.html
MatePad Pro 11,,,,2560 x 1600 pixels (2K),11 inches,HarmonyOS 3.0,Snapdragon 888 (5 nm),"Octa-core (1x2.84 GHz Cortex-X1 & 3x2.42 GHz Cortex-A78 & 4x1 .80 GHz Cortex-A55) - GOT-W09, GOT-AL09, GOT-AL19",Adreno 660 - GOT-W09,8 GB,128 GB,"16 MP, f / 2.2","Camera góc rộng: 13 MP, f/1.8, PDAF
Camera góc siêu rộng: 8 MP, f/2.2","Li-Po 8.300 mAh, không thể tháo rời","249,2 x 160,4 x 5,9 mm",449 g,,https://cellphones.com.vn/matepad-pro-11.html
Huawei Matepad,,,,1200 x 2000 pixels,10.4 inches,Android 10.0; EMUI 10 with HMS,HiSilicon Kirin 810 (7 nm),Octa-core (2x2.27 GHz Cortex-A76 & 6x1.88 GHz Cortex-A55),Mali-G52 MP6,4 GB,64 GB,8 MP,"8 MP, AF",Li-Po 7250 mAh battery,245.2 x 155 x 7.4 mm,450 g,,https://cellphones.com.vn/huawei-matepad.html
Máy tính bảng quản lý thời gian sử dụng dành cho trẻ em Masstel Kidzone-1 đổi 1 trong vòng 100 ngày,1990000.0,1990000.0,0%,800 x 1280 pixels,,,,1.30 GHz,MediaTek 8765WA,,,,,5000 mAh,,,Masstel,https://tka.tiki.vn/pixel/pixel?data=qa7yiV8yTX18lLIHiI1hbR1CHuHm6D0GN7lfDGLI2dMWyk9NH0j6b098x2djW0wKxn4HzOX72ujgDdMMna58UyHtYEqNRdaWSW_cxZeICOnUVRxmdj1K_ZotGu_Xyujk8uvItTPIMgOCT0dhYrTbMZsLfRS8aDFgkh8z94UNPo4ZLxwJOwCtunhRBbh64QxN7h3eUC3lqUnntFNxR8DK0VUrbb1tg4bol2bMFNUXiQFMX5tZ53116GibJcWIlfa0hewm5ybmWf8qYmA-Eyz9up7_4pwb0lEMoss1__br6hsk_2A9UOjDOaO5CJ-7Sf3hScs5aPf7DVTeUqKPu-PRJLVTkHWzZrc7bqnVd8yEbQqYKovFqwKf5l3PBXacvVPF5dG-u6ETlUbyoJO1o-A4t3Aes7PvM8MRYaSeUZiMFctVNvIHENj9Di0YxvPK4A73zsmZcWDjHyaSGsNIsUUSRZkQGqM1is2RchrZtTda7srtzaW_GwLEdMxvHHpfZnvnZR-1UjLtfh79xr54aubVOHFISAYHcWLb1HA6UnpU9OijD3SKVDgUxEcd109meskXGelqPOMj05z6RGg2CFn739fP3YeufJ5v68-l2fp02TB9GW7LZyebQbMd3EKTZsGnr8y88pIKvc9qif33PhjDgrg9zLz9uUZ4EWGBaZv3D5xvVigHZ4WvrXBbAs-oyLo-C7eXSw6SlgihikrOEWimHYLGvLhH_2yTy0M3iS9PgKOUhPClm00hQwTU04lHeKgGtZG-EU4bPB9EFs2qK0lzwaPXSKh_afvQMdLIsu6nMr4kHxmk13k1aksi-J4Tv9AJpQtIa7nLrGb87WavU_Ztz13Swwsj7i3S3r4qxrQA1EdXcpUASXMuHS38GH4w-jSAWEl4hQgwRj8oHca3Pi3rbIfTTIOEo4h17ocfUDuTURFvoR5i8jEEx4CGcXjZ1PR1Ku-n0GAHiH6B1KHWohQq2CsOLtdAmi-0qvwYFnwYCTp45ZLlfG3W0R6w6QM08ppYaMLS4OBQ&reqid=5A5nx2DIpfBiavMR&type=CLICK&pos=1
"Máy tính bảng Fire HD10 2021 - 11th - (All New Fire HD10 - 2021) - Ram 3/4GB, bộ nhớ 32GB, màn hình 1080 FullHD",3987000.0,3030000.0,24%,1920 x 1200 pixels,,,Octa-core 2.0 GHz,Octa-core 2.0 GHz,2.0Hz,,,,,6400mAh,10 inch,300gr,OEM,https://tka.tiki.vn/pixel/pixel?data=wTVwY7hPalsF_j7hHtgkqW7HRmd5hWYU6aWPf6m9ujZGgDasTyp4DZl3OsGR44EykElq5Kg_P6jA4krkNjPSfZL4lpBTaMo_s5YwIU59Ye5oLdlXBbstP9--gwC5x4jk8bU-lkQf8e8maKdsqfYJncH0c28F3fwKTM6LM5ww8PnPQrcfeolSct0NE4fyXQiNbnpe05WeXrLFNOEGhBxhSH1_7_yQlS0jFRLIvJRoSccJmodQ_plcRLru6dOnTKDET_A0qLgU9GJXxfg-kXv-_mrC_k3beHqEcHEX_rQr0qnvk4MRhv7kFsfKNmVLRYaRvuvH_Q8mEZ4YpyS0cB4aSjhRgIx3bBv9CJqQxwa0T-uDV5NJ-RU-T7Ps4rfltPJoZToFPQ32Ovgh9ga6lfceoYwlf7gSzw4XvarBBSgSJvkPVCIY_Sfps4iyx_djgvLwvLfDEQs7J-XjwRym31pHYfmL2qqjARrlYXSYWDvjfxU7htPZuivoTz-aKl2NKFupubx1rliOallgzDE2v1fcsWxv7MT4z4N4eRhZQu6PZcEe-L6J_SDp8yzkisaP9MRRRWddPofFedKggla89GpC9PLYKJOMymhqwZMzMpBwZ72egcHMgQ4QffzsW1YSHgkwHeIfnN9Cd6dpzGfXI4__htoEidHZ5Bk40yCk2s-iokogkL8_zW8kbwuVB0VyDmlnmF_9A3XrgcXo-NCOe2ZfzPrbRsq4P7f6lHB66nOYxcUBrNTDO288Q5KkUxHBsTbbdv2jICCEiEhI9elWsbmq7R8tfHkk0Rtx-C7GpUipJk5AJn0hY0_wlAy6hBwvXVDv-CJHSEUOjEEzb-yt-NmZfy2N6wqkWMvHDZAthiswMect6eye-oykfTSqNP7oMBJT39hIgLb7x-Sat4wRdibUQ_JtjBSyj5TgphAcbQhi2Tyv8RMrS8uB-b9gc8p7zyjF9lLoDyV2882mFBoMDf2dN9JRhJi3Pzi9CWGm3L1kHSPpO8JJlLUZJ1dD6rdd6SbQy_4Ot4o4Eb0mL5Hv8IUcHrQH5Iff4GcdT920oDyv0W6-l0PqvxWe2QIZJjOX2Q&reqid=5A5nx2DIpfBiavMR&type=CLICK&pos=2
Apple iPad 10.2-inch (9th Gen) Wi-Fi 2021,10922000.0,6990000.0,36%,2048 x 1536 pixels,,,A13 Bionic,4 x 2.5 GHz Vortex + 4 x 1.6 GHz Tempest,Apple GPU 4 nhân,3GB,64 GB,12.0 MP,8.0MP,,250 x 174 x 7.5 mm,490g,Apple,https://tiki.vn/apple-ipad-10-2-inch-9th-gen-wi-fi-2021-p183330021.html?spid=124939771
Apple iPad Air (5th Gen) Wi-Fi 2022,18958000.0,13650000.0,28%,2360 x 1640 Pixels,,,Apple M1,,,8GB,64GB,12MP,12MP,,Dài 247.6 mm - Ngang 178.5 mm - Dày 6.1 mm,461g,Apple,https://tiki.vn/apple-ipad-air-5th-gen-wi-fi-2022-p184253251.html?spid=168721278
"Apple iPad Pro 11-inch M2 Wi-Fi, 2022",24106000.0,20490000.0,15%,1668 x 2388 Pixels,11 inch,,Apple M2 8 nhân,,Apple GPU 10 nhân,8GB,64GB/ 256GB/512GB/ 1TB/2TB RAM: 8GB,12 MP,Chính 12 MP & Phụ 10 MP,28.65 Wh (~ 7538 mAh),Dài 248.6 mm - Ngang 179.5 mm - Dày 7 mm,466g,Apple,https://tiki.vn/apple-ipad-pro-11-inch-m2-wi-fi-2022-p205815593.html?spid=205815595
Máy tính bảng Samsung Galaxy Tab S7 FE WIFI (4GB/64GB) - Hàng chính hãng - Đã kích hoạt bảo hành điện tử,12865000.0,6690000.0,48%,1600 x 2560 Pixels,,,Snapdragon 778G 8 nhân,4 nhân 2.4 GHz & 4 nhân 1.8 GHz,Adreno 642L,4GB,64GB,,,10090 mAh,Dài 284.8 mm - Ngang 185 mm - Dày 6.3 mm,Nặng 610 g,Samsung,https://tiki.vn/may-tinh-bang-samsung-galaxy-tab-s7-fe-wifi-4gb-64gb-hang-chinh-hang-da-kich-hoat-bao-hanh-dien-tu-p225266084.html?spid=225266088
Apple iPad mini (6th Gen) Wi-Fi 2021,15040000.0,11280000.0,25%,2048 x 1536 pixels,,,A15 Bionic,2 x 2.5 GHz Vortex + 4 x 1.6 GHz Tempest,Apple GPU 4 nhân,3GB,64GB,12MP,12MP,,250 x 174 x 7.5 mm,490g,Apple,https://tiki.vn/apple-ipad-mini-6th-gen-wi-fi-2021-hang-chinh-hang-p184248127.html?spid=124944089
"Apple iPad 10.9-inch (10th Gen) Wi-Fi, 2022",12929000.0,10990000.0,15%,2360 x 1640 Pixels,10.9 inch,,Apple A14 Bionic 6 nhân,2 nhân 3.1 GHz & 4 nhân 1.8 GHz,Apple GPU 4 nhân,4 GB,64GB/256GB,12 MP,12 MP,28.6 Wh (~ 7587 mAh),Dài 248.6 mm - Ngang 179.5 mm - Dày 7 mm,466g,Apple,https://tiki.vn/apple-ipad-10-9-inch-10th-gen-wi-fi-2022-p205815576.html?spid=205815580
Máy tính bảng TCL TAB11 WIFI (4GB/128GB) -Hàng Chính Hãng,4976000.0,4230000.0,15%,1200 x 2000 pixels,10.95 inch,,Mediatek Helio P60T Octa-core,,Imagination PowerVR GE8320,4GB,128GB,8MP,8MP,8000 mAh,,462g,TCL,https://tiki.vn/may-tinh-bang-tcl-tab11-wifi-4gb-128gb-hang-chinh-hang-p272188411.html?spid=272188413
Máy Tính Bảng Samsung Galaxy Tab A7 Lite T225 3GB/32GB - Hàng Chính Hãng,4983000.0,3189000.0,36%,,,,,,IMG PowerVR GE8320,,,,,5100,,371g,Samsung,https://tiki.vn/may-tinh-bang-samsung-galaxy-tab-a7-lite-t225-3gb-32gb-hang-chinh-hang-p121059239.html?spid=121059241
"Máy tính bảng Fire HD10 2021 - 11th - (All New Fire HD10 - 2021) - Ram 3/4GB, bộ nhớ 32GB, màn hình 1080 FullHD",3987000.0,3030000.0,24%,1920 x 1200 pixels,,,Octa-core 2.0 GHz,Octa-core 2.0 GHz,2.0Hz,,,,,6400mAh,10 inch,300gr,OEM,https://tiki.vn/may-tinh-bang-fire-hd10-2021-11th-all-new-fire-hd10-2021-ram-3gb-bo-nho-32gb-man-hinh-1080-fullhd-p150724369.html?spid=152760408
Máy tính bảng Xiaomi Pad 6 (8GB/128GB) - Hàng chính hãng - Đã kích hoạt bảo hành điện tử,9539000.0,8490000.0,11%,,,,Snapdragon 870 5G 8 nhân,"1 nhân 3.2 GHz, 3 nhân 2.42 GHz & 4 nhân 1.8 GHz",Adreno 650,,,,,8840 mAh,Dài 253.95 mm - Ngang 165.18 mm - Dày 6.51 mm - Nặng 490 g,490 g,Xiaomi,https://tiki.vn/may-tinh-bang-xiaomi-pad-6-8gb-128gb-hang-chinh-hang-da-kich-hoat-bao-hanh-dien-tu-p271364652.html?spid=271364654
Máy tính bảng Oppo Pad Air (4GB/64GB) - Hàng Chính Hãng,7038000.0,5490000.0,22%,1200 x 2000 pixels,10.36 inch,,Snapdragon 680 8 nhân,2.4 GHz,Adreno 610,4 GB,64 GB,5 MP,8 MP,7100 mAh,Dài 245.08 mm - Ngang 154.84 mm - Dày 6.94 mm,440 g,OPPO,https://tiki.vn/may-tinh-bang-oppo-pad-air-hang-chinh-hang-p195317118.html?spid=195317119
Máy tính bảng Samsung Galaxy Tab A7 Lite LTE SM-T225 - Hàng Chính Hãng,4450000.0,4450000.0,0%,,,,,,,,,,,,,,Samsung,https://tiki.vn/may-tinh-bang-samsung-galaxy-tab-a7-lite-lte-sm-t225-hang-chinh-hang-p103168071.html?spid=103168075
Máy tính bảng quản lý thời gian sử dụng dành cho trẻ em Masstel Kidzone-1 đổi 1 trong vòng 100 ngày,1990000.0,1990000.0,0%,800 x 1280 pixels,,,,1.30 GHz,MediaTek 8765WA,,,,,5000 mAh,,,Masstel,https://tiki.vn/tablet-giao-duc-masstel-tab-8-1-hang-chinh-hang-p271520995.html?spid=271521000
Máy tính bảng Nexta Smart Study 1 - Hàng Chính Hãng,6614000.0,5490000.0,17%,,,,Unisoc T610 8 chân,1.8 GHz,,,,,,6000 mAh,246.8mm * 156.6 mm * 8.2 mm,440 gram,Nexta Smart Study 1,https://tiki.vn/may-tinh-bang-smart-study-1-0-p162355432.html?spid=271364872
Máy tính bảng Samsung Galaxy Tab A7 Lite LTE SM-T225) - ĐÃ KÍCH HOẠT ĐIỆN TỬ - Hàng Chính Hãng,3216000.0,3216000.0,0%,,,,,,,,,,,,,,Samsung,https://tiki.vn/may-tinh-bang-samsung-galaxy-tab-a7-lite-lte-sm-t225-da-kich-hoat-dien-tu-hang-chinh-hang-p103168844.html?spid=216714866
Máy Tính Bảng Tablet Giáo dục Masstel Tab 10.4 (4GB/64GB) Tặng Kèm Bao Da - Hàng Chính Hãng,2952000.0,2952000.0,0%,,,,,,,,,,,,,,Masstel,https://tiki.vn/may-tinh-bang-masstel-tab-10-4-4gb-64gb-hang-chinh-hang-p261822969.html?spid=261823019
Máy tính bảng Samsung Galaxy Tab S9 Wifi (8GB/128GB) - Hàng Chính Hãng,20130000.0,13890000.0,31%,,,,,,,,,,,,,,Samsung,https://tiki.vn/may-tinh-bang-samsung-galaxy-tab-s9-wifi-8gb-128gb-hang-chinh-hang-p271164165.html?spid=271164180
Máy tính bảng Kindle File HD 8 (10th generation - 2020) Hàng nhập khẩu,2250000.0,2250000.0,0%,1280 x 800 HD,8 inch,,Quad-core 2.0 GHz with 2 GB of RAM,,,2gb,,,,12 h,202 x 137 x 9.7 mm,355 gr,Kindle,https://tiki.vn/may-tinh-bang-kindle-file-hd-8-10th-generation-2020-hang-nhap-khau-p173557858.html?spid=173557860
Máy tính bảng Samsung Galaxy Tab A8 (4GB/64GB) - Hàng Chính Hãng,7000000.0,5950000.0,15%,1920 x 1200 pixels,10.5 inch,,UniSOC T618,2 nhân 2.0 GHz & 6 nhân 2.0 GHz,Mali G52 MP2,4GB,64GB,,,7040 mAh,Dài 246.8 mm - Ngang 161.9 mm - Dày 6.9 mm,508 g,Samsung,https://tiki.vn/may-tinh-bang-samsung-galaxy-tab-a8-4gb-64gb-hang-chinh-hang-p225936344.html?spid=271626356
Máy tính bảng Samsung Galaxy Tab A8 (3GB/32GB) - Hàng chính hãng - Đã kích hoạt bảo hành điện tử,6597000.0,4090000.0,38%,,,,UniSOC T618,2 nhân 2.0 GHz & 6 nhân 2.0 GHz,UniSOC T618,,,,,7040 mAh,Dài 246.8 mm - Ngang 161.9 mm - Dày 6.9 mm - Nặng 508 g,508 g,Samsung,https://tiki.vn/may-tinh-bang-samsung-galaxy-tab-a8-3gb-32gb-hang-chinh-hang-da-kich-hoat-bao-hanh-dien-tu-p263278939.html?spid=263278943
Máy tính bảng Samsung Galaxy Tab S9 5G (12GB/256GB) - Hàng Chính Hãng,24989000.0,22990000.0,8%,,,,,,,,,,,,,,Samsung,https://tiki.vn/may-tinh-bang-samsung-galaxy-tab-s9-5g-12gb-256gb-hang-chinh-hang-p271163130.html?spid=271163136
Máy tính bảng Samsung Galaxy Tab S7 FE (4GB/64GB) - Hàng chính hãng - Đã kích hoạt bảo hành điện tử,13918000.0,8490000.0,39%,1600 x 2560 Pixels,,,Snapdragon 750G,2 nhân 2.2 GHz & 6 nhân 1.8 GHz,Adreno 619,,,,,10090 mAh,Dài 284.8 mm - Ngang 185 mm - Dày 6.3 mm - Nặng 608 g,608 g,Samsung,https://tiki.vn/may-tinh-bang-samsung-galaxy-tab-s7-fe-4gb-64gb-hang-chinh-hang-da-kich-hoat-bao-hanh-dien-tu-p126075551.html?spid=126075555
Máy Tính Bảng Samsung Galaxy Tab S6 Lite (4GB/64GB) - Hàng Chính Hãng,6880000.0,6880000.0,0%,,,,,,,,,,,7040 mAh,,467 g,Samsung,https://tiki.vn/may-tinh-bang-samsung-galaxy-tab-s6-lite-4gb-64gb-sm-p615-hang-chinh-hang-p195213675.html?spid=216714944
Máy tính bảng Vankyo MatrixPad Z10 - Hàng Chính Hãng,2990000.0,2990000.0,0%,,,,,,,,,,,,,,Vankyo,https://tiki.vn/may-tinh-bang-vankyo-matrixpad-z10-hang-chinh-hang-p72310352.html?spid=72310353
Máy tính bảng VANKYO MatrixPad S30 - Hàng Chính Hãng,3090000.0,3090000.0,0%,,,,,,,,,,,,,,Vankyo,https://tiki.vn/may-tinh-bang-vankyo-matrixpad-s30-hang-chinh-hang-p72310420.html?spid=72310421
Máy tính bảng TCL TAB 10 LTE GEN2 (4GB/64GB) - Hàng Chính Hãng,4482000.0,3810000.0,15%,1200 x 2000 pixels,10.36 inch,,4x ARM Cortex-A53 @ 2.0 GHz; 4x ARM Cortex-A53 @ 1.5 GHz MT8768 Octa-core,,650MHz GE8320,4GB,64GB,5MP,8MP,6000 mAh,,425g,TCL,https://tiki.vn/may-tinh-bang-tcl-tab-10-lte-gen2-4gb-64gb-hang-chinh-hang-p272188033.html?spid=272188035
Máy tính bảng Samsung Galaxy Tab S9 5G (8GB/128GB) - Hàng Chính Hãng,22863000.0,16690000.0,27%,,,,,,,,,,,,,,Samsung,https://tiki.vn/may-tinh-bang-samsung-galaxy-tab-s9-5g-8gb-128gb-hang-chinh-hang-p271163098.html?spid=271163107
Máy tính bảng VNPT Technology VNT Tab8 Plus 8 Inch Android 11 RAM 4GB - Hàng chính hãng,3146000.0,3146000.0,0%,,,,,,,4 GB,,,,Li-ion 5000mAh,,1000gr,VNPT Technology,https://tiki.vn/may-tinh-bang-vnpt-technology-vnt-tab8-8-inch-android-11-ram-3gb-hang-viet-nam-chinh-hang-p162866839.html?spid=162866840
Máy tính bảng Xiaomi Redmi Pad (3GB/64GB) - Hàng chính hãng,6279000.0,5149000.0,18%,,,,MediaTek Helio G99 8 nhân,2.2 GHz,Mali-G57 MC2,,,,,8000 mAh,,445 g,Xiaomi,https://tiki.vn/may-tinh-bang-xiaomi-redmi-pad-3gb-64gb-hang-chinh-hang-p205897182.html?spid=205897184
Máy tính bảng Xiaomi Pad 5 (6GB/256GB) - Hàng chính hãng,10510000.0,9249000.0,12%,1600 x 2560 Pixels,,,Snapdragon 860 8 nhân,"1 nhân 2.96 GHz, 3 nhân 2.42 GHz & 4 nhân 1.78 GHz",Adreno 640,,,,,8720 mAh,,511 g,Xiaomi,https://tiki.vn/may-tinh-bang-xiaomi-pad-5-6gb-256gb-hang-chinh-hang-p217561341.html?spid=217561345
Máy Tính Bảng Samsung Galaxy Tab S7 FE 4GB/64GB - Hàng Chính Hãng,11460000.0,11460000.0,0%,Full HD+ (1080 x 2246 pixels),12.4 inch,,Mediatek MT8768T Helio P22T,4 nhân 2.3 GHz và 4 nhân 1.8 GHz,Andreno 619,4 GB,64GB,,,10090 mAh,Dài 284.8 mm - Ngang 185 mm - Dày 6.3 mm - Nặng 608 g,608 g,Samsung,https://tiki.vn/may-tinh-bang-samsung-galaxy-tab-s7-fe-4gb-64gb-hang-chinh-hang-p135228421.html?spid=249347419
Máy tính bảng Xiaomi Redmi Pad | MediaTek Helio G99 | Pin 8000 mAh Sạc nhanh 18W | Màn hình LCD 90Hz - Hàng chính hãng,6290000.0,6290000.0,0%,,,,,,,,,,,5000 mAh,,445 g,Xiaomi,https://tiki.vn/may-tinh-bang-xiaomi-redmi-pad-mediatek-helio-g99-pin-8000-mah-sac-nhanh-18w-man-hinh-lcd-90hz-hang-chinh-hang-p198447877.html?spid=198447879
Máy Tính Bảng OPPO Pad Air (4GB/64GB) | Màn Hình 2K 1 tỷ Màu | Chip Snapdragon 680 | Hàng Chính Hãng,6978000.0,6490000.0,7%,2K (1440 x 2880 Pixels),,,Chip Snapdragon 680,,,,,,,7100,145x154x6.9,,OPPO,https://tiki.vn/may-tinh-bang-oppo-pad-air-4gb-64gb-man-hinh-2k-1-ty-mau-chip-snapdragon-680-hang-chinh-hang-p194498804.html?spid=194498806
Máy Tính Bảng Samsung Galaxy Tab S6 Lite 4GB/64GB - Hàng Chính Hãng,6880000.0,6880000.0,0%,,,,,,,4GB,64GB,,,7040 mAh,Dài 244.5 mm - Ngang 154.3 mm - Dày 7 mm - Nặng 467 g,467g,Samsung,https://tiki.vn/may-tinh-bang-samsung-galaxy-tab-s6-lite-4gb-64gb-hang-chinh-hang-p135266139.html?spid=216715614
Máy tính bảng Samsung Galaxy Tab A7 - Hàng chính hãng,7990000.0,7990000.0,0%,,,,Snapdragon 662 8 nhân,4 nhân 2 GHz & 4 nhân 1.8 GHz,Adreno 610,,,,,7040 mAh,,477 g,Samsung,https://tiki.vn/may-tinh-bang-samsung-galaxy-tab-a7-hang-chinh-hang-p141774833.html?spid=141774840
"Máy tính bảng Samsung Galaxy Tab A7 Lite (3GB/32GB) - Hàng chính hãng - Màn hình 8.7inch TFT LCD, Camera sau 8MP - Bảo Hành 12 Tháng",3216000.0,3216000.0,0%,,,,,,,32 GB,,,,,,371 g,Samsung,https://tiki.vn/may-tinh-bang-samsung-galaxy-tab-a7-lite-3gb-32gb-hang-chinh-hang-man-hinh-8-7inch-tft-lcd-camera-sau-8mp-bao-hanh-12-thang-p213858174.html?spid=216732432
Máy Tính Bảng Samsung Galaxy Tab A7 Lite LTE T225 (3GB/32GB) ĐÃ KÍCH HOẠT BẢO HÀNH ĐIỆN TỬ - Hàng Chính Hãng,3216000.0,3216000.0,0%,,,,8 nhân,"2.3GHz, 1.8GHz",,3 GB,32 GB,2.0 MP,8.0 MP,5100 mAh,,371g,Samsung,https://tiki.vn/may-tinh-bang-samsung-galaxy-tab-a7-lite-lte-t225-3gb-32gb-da-kich-hoat-bao-hanh-dien-tu-hang-chinh-hang-p105830021.html?spid=216732431
Máy Tính Bảng Samsung Galaxy Tab A8 - Hàng Chính Hãng,4392000.0,4392000.0,0%,,,,,,,,,,,,,,Samsung,https://tiki.vn/may-tinh-bang-samsung-galaxy-tab-a8-hang-chinh-hang-p271822675.html?spid=271822679
Samsung Galaxy Tab S9 Ultra 5G (12GB/512GB) - Hàng chính hãng - Đã kích hoạt bảo hành điện tử,34872000.0,27200000.0,22%,,,,Snapdragon 8 Gen 2 for Galaxy,"1 nhân 3.36 GHz, 4 nhân 2.8 GHz & 3 nhân 2 GHz",Adreno 740,,,,,11200 mAh,Dài 326.4 mm - Ngang 208.6 mm - Dày 5.5 mm - Nặng 737 g,737 g,Samsung,https://tiki.vn/samsung-galaxy-tab-s9-ultra-5g-12gb-512gb-hang-chinh-hang-da-kich-hoat-bao-hanh-dien-tu-p271392661.html?spid=271393560
Máy tính bảng Samsung Galaxy Tab A7 Lite - Hàng chính hãng,3216000.0,3216000.0,0%,,,,,,,,,,,5100mAh,,,Samsung,https://tiki.vn/may-tinh-bang-samsung-galaxy-tab-a7-lite-hang-chinh-hang-p217158529.html?spid=217158532
Máy Tính Bảng Samsung Galaxy Tab S6 Lite (2022) (4GB/64GB) SM-P619 ĐÃ KÍCH HOẠT BẢO HÀNH ĐIỆN TỬ - Hàng Chính Hãng,6880000.0,6880000.0,0%,1200 x 1600 pixels,10.5 inch,,Snapdragon 720G,4 x Cortex A73 2.3 GHz + 4 x Cortex A53 1.7 GHz,Yes,4 GB,64 GB,,,7040 mAh,Dài 244.5 mm - Ngang 154.3 mm - Dày 7 mm,467 g,Samsung,https://tiki.vn/may-tinh-bang-samsung-galaxy-tab-s6-lite-2022-4gb-64gb-sm-p615-da-kich-hoat-bao-hanh-dien-tu-hang-chinh-hang-p203949614.html?spid=253179531
Máy tính bảng Samsung Galaxy Tab A7 Lite LTE SM-T225 - Hàng Chính Hãng,3216000.0,3216000.0,0%,,,,MediaTek MT8768T 8 nhân,4 nhân 2.3 GHz & 4 nhân 1.8 GHz,IMG PowerVR GE8320,,,,,5100 mAh,,371 g,Samsung,https://tiki.vn/may-tinh-bang-samsung-galaxy-tab-a7-lite-lte-sm-t225-hang-chinh-hang-p195177036.html?spid=196284570
Máy Tính Bảng Samsung Galaxy Tab A8 4GB/64GB - Hàng Chính Hãng,5856000.0,5856000.0,0%,,,,UniSOC T618,2 nhân 2.0 GHz & 6 nhân 2.0 GHz,Mali G52 MP2,4GB,64GB,,,7040 mAh,Dài 246.8 mm - Ngang 161.9 mm - Dày 6.9 mm - Nặng 508 g,508 g,Samsung,https://tiki.vn/may-tinh-bang-samsung-galaxy-tab-a8-4gb-64gb-hang-chinh-hang-p160434731.html?spid=196285251
Máy Tính Bảng Samsung Galaxy Tab S6 Lite (SM-P615N) - Hàng Chính Hãng,6880000.0,6880000.0,0%,1200 x 1600 pixels,,,,4 nhân 2.3 GHz & 4 nhân 1.7 GHz,,4 GB,64 GB,5 MP,8 MP,7040 mAh,Dài 244.5 mm - Ngang 154.3 mm - Dày 7.0 mm,467 g,Samsung,https://tiki.vn/may-tinh-bang-samsung-galaxy-tab-s6-lite-sm-p615n-hang-chinh-hang-p53654257.html?spid=253179526
Máy Tính Bảng Samsung Galaxy Tab S8 (Wi-Fi)- ĐÃ KÍCH HOẠT ĐIỆN TỬ - Hàng Chính Hãng,19416000.0,19416000.0,0%,,,,,,,8GB,128GB,,,,,,Samsung,https://tiki.vn/may-tinh-bang-samsung-galaxy-tab-s8-wi-fi-da-kich-hoat-dien-tu-hang-chinh-hang-p206481184.html?spid=216732449
Máy tính bảng Samsung Galaxy Tab A8 64GB Bạc (2022) - Hàng Chính Hãng,5856000.0,5856000.0,0%,1920 x 1200 pixels,10.5 inch,,UniSOC T618,2 nhân 2.0 GHz & 6 nhân 2.0 GHz,Mali G52 MP2,4gb,64gb,,,7040 mAh,,508g,Samsung,https://tiki.vn/may-tinh-bang-samsung-galaxy-tab-a8-64gb-bac-2022-hang-chinh-hang-p188948646.html?spid=196285826
Máy tính bảng Samsung Galaxy Tab A8 (4GB/64GB) - Hàng Chính Hãng,5856000.0,5856000.0,0%,Full HD (1920 x 1080),10.5 inch,,Snapdragon 662,,,4,64,,,7040,,,Samsung,https://tiki.vn/may-tinh-bang-samsung-galaxy-tab-a8-4gb-64gb-hang-chinh-hang-p158742790.html?spid=196284923
"Máy tính bảng chắc chắn oukitel RT3 (chống nước,chống va đập,Ram 4Gb,Rom 64 Gb,màn hình 8 inch,pin 5150 mAh)- hÀng chính hãng",4990000.0,4990000.0,0%,800 x 1280 pixels,,,"• CPU--MTK Helio P22, HĐH-Android 12",,,,,,,5150,,538 gam,Oukitel,https://tiki.vn/may-tinh-bang-chac-chan-oukitel-rt3-chong-nuoc-chong-va-dap-ram-4gb-rom-64-gb-man-hinh-8-inch-pin-5150-mah-hang-chinh-hang-p262908601.html?spid=262908602
Máy Tính Bảng Galaxy Tab S7 FE - Hàng Chính Hãng,11460000.0,11460000.0,0%,,,,,,,,,,,,,,Samsung,https://tiki.vn/may-tinh-bang-galaxy-tab-s7-fe-hang-chinh-hang-p175847074.html?spid=249347431
Máy Tính Bảng Samsung Galaxy Tab A8 2022 (3GB/32GB) - Hàng Chính Hãng,4392000.0,4392000.0,0%,,,,,,,,,,,,,,Samsung,https://tiki.vn/may-tinh-bang-samsung-galaxy-tab-a8-2022-3gb-32gb-hang-chinh-hang-p271822725.html?spid=271822729
Máy Tính Bảng Samsung Galaxy Tab S7 FE LTE T735 (4GB/64GB) - ĐÃ KÍCH HOẠT BẢO HÀNH ĐIỆN TỬ - Hàng Chính Hãng,12941000.0,12941000.0,0%,QHD (2560 x 1600),12.4 inch,,8 nhân,"2.2GHz, 1.8GHz",,4GB,64GB,5MP,8.0 MP,10090mAh,185.0 x 284.8 x 6.3mm,608g,Samsung,https://tiki.vn/may-tinh-bang-samsung-galaxy-tab-s7-fe-lte-t735-4gb-64gb-da-kich-hoat-bao-hanh-dien-tu-hang-chinh-hang-p113920073.html?spid=216714914
Máy tính bảng Samsung Galaxy Tab S6 Lite (4GB/64GB) - Hàng chính hãng,6880000.0,6880000.0,0%,,,,,,,,,,,7040 mAh,,467 g,Samsung,https://tiki.vn/may-tinh-bang-samsung-galaxy-tab-s6-lite-4gb-64gb-hang-chinh-hang-p217560641.html?spid=253179498
MÁY TÍNH BẢNG THÔNG MINH,599000.0,599000.0,0%,,,,,,,,,,,,,,OEM,https://tiki.vn/may-tinh-bang-thong-minh-fisher-price-p261984490.html?spid=261984493
Máy tính bảng Samsung Galaxy Tab S8 Plus (8GB/128GB) - ĐÃ KÍCH HOẠT BẢO HÀNH ĐIỆN TỬ - Hàng Chính Hãng,24041000.0,24041000.0,0%,2800 x 1752 Pixel,12.4 inch,,Snapdragon 8 Gen 1 8 nhân,"1 nhân 2.99 GHz, 3 nhân 2.4 GHz & 4 nhân 1.7 GHz",Adreno 730,,,,,10090 mAh,Dài 285 mm - Ngang 185 mm - Dày 5.7 mm,572 g,Samsung,https://tiki.vn/may-tinh-bang-samsung-galaxy-tab-s8-plus-8gb-128gb-da-kich-hoat-bao-hanh-dien-tu-hang-chinh-hang-p178607570.html?spid=216715684
Máy tính bảng Samsung Galaxy Tab S7 FE - Hàng Chính Hãng,13500000.0,13500000.0,0%,Full HD+ (1080 x 2246 pixels),,,Mediatek MT8768T Helio P22T,4 nhân 2.3 GHz và 4 nhân 1.8 GHz,Andreno 619,,,,,10090 mAh,,608g,Samsung,https://tiki.vn/may-tinh-bang-samsung-galaxy-tab-s7-fe-hang-chinh-hang-p112695200.html?spid=196284535
Máy Tính Bảng Samsung Galaxy Tab A7 3GB/64GB - Hàng Chính Hãng,7988000.0,7189000.0,10%,,10.3 inch,,Snapdragon 662 8 nhân,4 nhân 2 GHz & 4 nhân 1.8 GHz,Adreno 610,3GB,64GB,5MP,8MP,7040 mAh,"Kích thước, khối lượng:
Dài 247.6 mm - Ngang 157.4 mm - Dày 7 mm - Nặng 477 g",477g,Samsung,https://tiki.vn/may-tinh-bang-samsung-galaxy-tab-a7-3gb-64gb-hang-chinh-hang-p136876846.html?spid=136876850
Máy Tính Bảng Samsung Galaxy Tab S8 8GB | 128GB - Hàng Chính Hãng,20500000.0,20500000.0,0%,,,,,,,,,,,,,,Samsung,https://tiki.vn/may-tinh-bang-samsung-galaxy-tab-s8-8gb-128gb-hang-chinh-hang-p175772412.html?spid=208289370
Máy Tính Bảng Samsung Galaxy Tab S7 FE WIFI T733 (4GB/64GB) - ĐÃ KÍCH HOẠT BẢO HÀNH ĐIỆN TỬ - Hàng Chính Hãng,12941000.0,12941000.0,0%,,,,Snapdragon 750G,,Adreno 619,4 GB,,,,10090 mAh,,,Samsung,https://tiki.vn/may-tinh-bang-samsung-galaxy-tab-s7-fe-wifi-t733-4gb-64gb-da-kich-hoat-bao-hanh-dien-tu-hang-chinh-hang-p134844715.html?spid=249347406
Máy tính bảng Samsung Galaxy Tab A7 Lite 32GB Xám - Hàng Chính Hãng,3216000.0,3216000.0,0%,,,,,,,3GB,32GB,,,,,,Samsung,https://tiki.vn/may-tinh-bang-samsung-galaxy-tab-a7-lite-32gb-xam-hang-chinh-hang-p186149961.html?spid=196284470
Máy Tính Bảng Samsung Galaxy Tab S7 FE LTE T735 (4GB/64GB) - Hàng Chính Hãng,12941000.0,12941000.0,0%,,12.4 inch,,Snapdragon 750G,,,4GB,64GB,5.0 MP,8.0 MP,10090mAh,,608g,Samsung,https://tiki.vn/may-tinh-bang-samsung-galaxy-tab-s7-fe-lte-t735-4gb-64gb-hang-chinh-hang-p113920312.html?spid=196284590
Điện Thoại Masstel Tab 10A 3GB/32GB - Hàng Chính Hãng,3768000.0,2939000.0,22%,,,,MediaTek MT8765WA 4 nhân,4 nhân 1.5 GHz,IMG PowerVR GE8100,3GB,32GB,,,6000mAh,Dài 244 mm - Ngang 164 mm - Dày 9 mm - Nặng 450 g,450 g,Masstel,https://tiki.vn/dien-thoai-masstel-tab-10a-3gb-32gb-hang-chinh-hang-p160450655.html?spid=160450659
Máy tính bảng Samsung Galaxy Tab A8 - Hàng chính hãng,5856000.0,5856000.0,0%,1920 x 1200 pixels,,,UniSOC T618,2 nhân 2.0 GHz & 6 nhân 2.0 GHz,Mali G52 MP2,,,,,7040 mAh,,508 g,Samsung,https://tiki.vn/may-tinh-bang-samsung-galaxy-tab-a8-hang-chinh-hang-p160556149.html?spid=196285483
Máy tính bảng Samsung Galaxy Tab S8 8GB/128GB - Hàng chính hãng,20500000.0,20500000.0,0%,,,,Snapdragon 8 Gen 1 8 nhân,"1 nhân 2.99 GHz, 3 nhân 2.4 GHz & 4 nhân 1.7 GHz",Adreno 730,8 GB,128 GB,,,8000 mAh,Dài 253.8 mm - Ngang 165.3 mm - Dày 6.3 mm - Nặng 507 g,507 g,Samsung,https://tiki.vn/may-tinh-bang-samsung-galaxy-tab-s8-8gb-128gb-hang-chinh-hang-p194519454.html?spid=208289387
Máy tính bảng Xelex Gama Tab X8 EDU (Hàng chính hãng),2890000.0,2890000.0,0%,1280 x 800 HD,,,4-core CPU,,,3 GB,32 GB,,,5000 mAh,,289g,XELEX,https://tiki.vn/may-tinh-bang-xelex-gama-tab-x8-edu-p249782771.html?spid=249782772
Máy tính bảng Samsung Galaxy Tab A8 64GB Xám (2022) - Hàng Chính Hãng,5856000.0,5856000.0,0%,1920 x 1200 pixels,10.5 inch,,UniSOC T618,2 nhân 2.0 GHz & 6 nhân 2.0 GHz,Mali G52 MP2,4gb,64gb,,,7040 mAh,,508g,Samsung,https://tiki.vn/may-tinh-bang-samsung-galaxy-tab-a8-64gb-xam-2022-hang-chinh-hang-p188948039.html?spid=196285860
Máy tính bảng HANET Smart Edu Tablet Model T432 - Hàng Chính Hãng,3300000.0,3300000.0,0%,,10.1 inch,,,,,,,,,5000,,1 kg,HANET,https://tiki.vn/may-tinh-bang-hanet-smart-edu-tablet-model-t432-hang-chinh-hang-bao-hanh-12-thang-p176909016.html?spid=176909017
Máy Đọc Sách Kindle Oasis 32G - Hàng Nhập Khẩu - Xám,7499000.0,7499000.0,0%,300 PPI,7 inch,,,,,,,,,,15.9 x 14.1 x 0.34 mm,194gr,Kindle,https://tiki.vn/may-doc-sach-kindle-oasis-32g-hang-nhap-khau-xam-p2360457.html?spid=17616570
Máy tính bảng Samsung Galaxy Tab A8 (4GB/64GB) - Hàng Chính Hãng,5856000.0,5856000.0,0%,Full HD (1920 x 1080),10.5 inch,,Snapdragon 662,,,4,64,,,7040,,,Samsung,https://tiki.vn/may-tinh-bang-samsung-galaxy-tab-a8-4gb-64gb-hang-chinh-hang-p217158870.html?spid=207923838
Máy tính bảng Samsung Galaxy Tab S8 (8gb/128gb) - Hàng chính hãng,19416000.0,19416000.0,0%,,,,,,,,,,,,,,Samsung,https://tiki.vn/may-tinh-bang-samsung-galaxy-tab-s8-8gb-128gb-hang-chinh-hang-p162593229.html?spid=262509352
Máy tính bảng Samsung Galaxy Tab S8 Plus (8GB/128GB),24000000.0,24000000.0,0%,,,,,,,,,,,,,,Samsung,https://tiki.vn/may-tinh-bang-samsung-galaxy-tab-s8-plus-8gb-128gb-hang-chinh-hang-p162593286.html?spid=196285753
"Máy tính bảng Oukitel RT1 - hàng chính hãng (chống nước,chống va đập , pin khủng,pin 10.000mAh,màn hình 10,1 inch,Ram 4Gb,Rom 64Gb,tám nhân,học online)",6990000.0,6990000.0,0%,,,,,,,,,,,,,,Oukitel,https://tiki.vn/may-tinh-bang-oukitel-rt1-chong-nuoc-chong-va-dap-pin-khung-pin-10-000mah-man-hinh-10-1-inch-ram-4gb-rom-64gb-tam-nhan-hoc-online-hang-chinh-hang-p188030974.html?spid=188030975
Máy tính bảng Samsung Galaxy Tab A8 (2022) - Hàng chính hãng - ĐÃ KÍCH HOẠT BẢO HÀNH ĐIỆN TỬ,5856000.0,5856000.0,0%,,,,UniSOC T618,2 nhân 2.0 GHz & 6 nhân 2.0 GHz,UniSOC T618,,,,,7040 mAh,Dài 246.8 mm - Ngang 161.9 mm - Dày 6.9 mm - Nặng 508 g,508 g,Samsung,https://tiki.vn/may-tinh-bang-samsung-galaxy-tab-a8-2022-hang-chinh-hang-da-kich-hoat-bao-hanh-dien-tu-p164697930.html?spid=216715453
Máy tính bảng Samsung Galaxy Tab S8 Ultra 8GB/128GB - Hàng chính hãng,30000000.0,30000000.0,0%,,,,Snapdragon 8 Gen 1,"1 nhân 2.99 GHz, 3 nhân 2.4 GHz & 4 nhân 1.7 GHz",Adreno 730,8 GB,128 GB,,,11200 mAh,Dài 326.4 mm - Ngang 208.6 mm - Dày 5.5 mm - Nặng 728 g,728 g,Samsung,https://tiki.vn/may-tinh-bang-samsung-galaxy-tab-s8-ultra-8gb-128gb-hang-chinh-hang-p194523288.html?spid=208289182
Máy tính bảng Samsung Galaxy Tab S8 (8GB/128GB) - ĐÃ KÍCH HOẠT BẢO HÀNH ĐIỆN TỬ - Hàng Chính Hãng,19416000.0,19416000.0,0%,QHD (2560 x 1600),11 inch,,Snapdragon 8 Gen 1 8 nhân,"1 nhân 2.99 GHz, 3 nhân 2.4 GHz & 4 nhân 1.7 GHz",Adreno 730,,,,,8000 mAh,,507 g,Samsung,https://tiki.vn/may-tinh-bang-samsung-galaxy-tab-s8-8gb-128gb-da-kich-hoat-bao-hanh-dien-tu-hang-chinh-hang-p178606785.html?spid=216736981
Máy Tính Bảng Samsung Galaxy Tab S8 Ultra 5G (8GB/128GB) - ĐÃ KÍCH HOẠT ĐIỆN TỬ - Hàng Chính Hãng,30990000.0,30990000.0,0%,,,,Snapdragon 8 Gen 1 8 nhân,,Adreno 730,,,,,11200 mAh,Dài 326.4 mm - Ngang 208.6 mm - Dày 5.5 mm,,Samsung,https://tiki.vn/may-tinh-bang-samsung-galaxy-tab-s8-ultra-5g-8gb-128gb-da-kich-hoat-dien-tu-hang-chinh-hang-p169459856.html?spid=169459858
Máy Tính Bảng Samsung Galaxy Tab S8 5G (8GB/128GB) - ĐÃ KÍCH HOẠT ĐIỆN TỬ - Hàng Chính Hãng,19416000.0,19416000.0,0%,QHD (2560 x 1600),,,Snapdragon 8 Gen 1 8 nhân,"1 nhân 2.99 GHz, 3 nhân 2.4 GHz & 4 nhân 1.7 GHz",Adreno 730,,,,,8000 mAh,Dài 253.8 mm - Ngang 165.3 mm - Dày 6.3 mm,507 g,Samsung,https://tiki.vn/may-tinh-bang-samsung-galaxy-tab-s8-5g-8gb-128gb-da-kich-hoat-dien-tu-hang-chinh-hang-p169457923.html?spid=216715023
"Máy tính bảng OUKITEL RT2 chắc chắn (chống nước,chống va đập ,pin xài lâu,Pin 20.000Mah, Màn hình 10,1 inch,Ram 8GB,Rom 128 GB, lõi tám nhân,Máy ảnh 16MP,Android 12,sạc nhanh 33W)- hàng chính hãng",8990000.0,8990000.0,0%,,,,,,,,,,,,,,Oukitel,https://tiki.vn/may-tinh-bang-oukitel-rt2-chac-chan-chong-nuoc-chong-va-dap-pin-xai-lau-pin-20-000mah-man-hinh-10-1-inch-ram-8gb-rom-128-gb-loi-tam-nhan-may-anh-16mp-android-12-sac-nhanh-33w-hang-chinh-hang-p258787119.html?spid=258787121
Máy Tính Bảng Samsung Galaxy Tab S8+ 5G (8GB/128GB) - ĐÃ KÍCH HOẠT ĐIỆN TỬ - Hàng Chính Hãng,24041000.0,24041000.0,0%,,,,Snapdragon 8 Gen 1 8 nhân,"1 nhân 2.99 GHz, 3 nhân 2.4 GHz & 4 nhân 1.7 GHz",Adreno 730,,,,,10090 mAh,Dài 285 mm - Ngang 185 mm - Dày 5.7 mm,572 g,Samsung,https://tiki.vn/may-tinh-bang-samsung-galaxy-tab-s8-5g-8gb-128gb-da-kich-hoat-dien-tu-hang-chinh-hang-p169459378.html?spid=216714870
"Máy tính bảng Masstel Tab 10.4"" (4GB/64GB) - Hàng chính hãng - ĐÃ KÍCH HOẠT BẢO HÀNH ĐIỆN TỬ",4800000.0,4800000.0,0%,,,,Unisoc T610 8 nhân,"Micro SD, hỗ trợ tối đa 128 GB",,,,,,6000 mAh,Dài 246.8 mm - Ngang 156.6 mm - Dày 8.2 mm - Nặng 440 g,440 g,Masstel,https://tiki.vn/may-tinh-bang-masstel-tab-10-4-4gb-64gb-hang-chinh-hang-da-kich-hoat-bao-hanh-dien-tu-p136364272.html?spid=261810384
Máy tính bảng Samsung Galaxy Tab A7 Lite - Hàng chính hãng,4474000.0,3490000.0,22%,,,,"Quad 2.3GHz,Quad 1.8GHz; Octa-Core; Mediatek MT8768T","2.3GHz, 1.8GHz",Mediatek MT8768T,3GB,32GB,,,5100mAh,212.5 x 124.7 x 8.0mm,371g,Samsung,https://tiki.vn/may-tinh-bang-samsung-galaxy-tab-a7-lite-chinh-hang-p181699051.html?spid=181699052
"Máy tính bảng chắc chắn oukitel RT5 (chống nước,chống va đập,pin 11.000mAh,Màn hình 10.1 inch FHD, Ram 14Gb,Rom 256Gb, CPU : Mediatek 8788,lõi 8, lên đến 2.0 GHz, Camera Trước,sau 16 MP, Android 13)- hàng chính hãng",7490000.0,7490000.0,0%,,,,,,,,,,,,,,Oukitel,https://tiki.vn/may-tinh-bang-chac-chan-oukitel-rt5-chong-nuoc-chong-va-dap-pin-11-000mah-man-hinh-10-1-inch-fhd-ram-14gb-rom-256gb-cpu-mediatek-8788-loi-8-len-den-2-0-ghz-camera-truoc-sau-16-mp-android-13-hang-chinh-hang-p271799133.html?spid=271799134
Máy tính bảng Samsung Galaxy Tab S8 Plus (8gb/128gb) - Hàng chính hãng,25000000.0,25000000.0,0%,,,,,,,,,,,,,,Samsung,https://tiki.vn/may-tinh-bang-samsung-galaxy-tab-s8-plus-8gb-128gb-hang-chinh-hang-p169314326.html?spid=208289226
Máy tỉnh bảng Samsung Galaxy Tab A8 -Hàng chính hãng,5856000.0,5856000.0,0%,1920 x 1200 pixels,10.5 inch,,UniSOC T618,2 nhân 2.0 GHz & 6 nhân 2.0 GHz,Mali G52 MP2,4 GB,64 GB,,,7040mAh,Dài 246.8 mm - Ngang 161.9 mm - Dày 6.9 mm,508 g,Samsung,https://tiki.vn/may-tinh-bang-samsung-galaxy-tab-a8-chinh-hang-p181699208.html?spid=196284763
Máy Tính Bảng Samsung Galaxy Tab S6 Lite (4GB/64GB) SM-P615 ĐÃ KÍCH HOẠT BẢO HÀNH ĐIỆN TỬ - Hàng Chính Hãng,6880000.0,6880000.0,0%,,,,,4 nhân 2.3 GHz & 4 nhân 1.7 GHz,Yes,,,,,7040 mAh,,467 g,Samsung,https://tiki.vn/may-tinh-bang-samsung-galaxy-tab-s6-lite-4gb-64gb-sm-p615-da-kich-hoat-bao-hanh-dien-tu-hang-chinh-hang-p82075493.html?spid=216715110
Máy Tính Bảng Galaxy Tab A8 4GB | 64GB - Hàng Chính Hãng,5856000.0,5856000.0,0%,,10.5 inch,,,,,4,64,,,,,,Samsung,https://tiki.vn/may-tinh-bang-galaxy-tab-a8-4gb-64gb-hang-chinh-hang-p175851126.html?spid=196285819
Samsung Galaxy Tab A7 Lite 32G T225N - Hàng Chính Hãng,4612000.0,3690000.0,20%,,,,Mediatek Helio P22T,,,,,,,5100 mAh,,,Samsung,https://tiki.vn/samsung-galaxy-tab-a7-lite-32g-t225n-hang-chinh-hang-p141513830.html?spid=141513831
Máy tính bảng Edutab 10.1 Pro & Case da tặng Hệ thống quản lý học tập & kiểm soát dành cho Phụ huynh trọn đời,4989000.0,4490000.0,10%,,,,,,,,,,,,,,Masstel,https://tiki.vn/combo-sieu-hot-tablet-giao-duc-masstel-tab-10-1-pro-hang-chinh-hang-tang-goi-giai-phap-12-thang-ung-dung-nexta-tieu-hoc-tri-gia-2-trieu-p263438199.html?spid=263438200
Combo Máy Đọc Sách Kindle Paperwhite Gen 10 và Bao da WELL BEGUN,3050000.0,3050000.0,0%,,,,,,,,,,,,6.6” x 4.6” x 0.3” ( 167 x 116 x 8.18 mm),,Kindle,https://tiki.vn/combo-may-doc-sach-kindle-paperwhite-gen-10-8gb-mau-den-va-bao-da-well-begun-hang-nhap-khau-p11217956.html?spid=11217964
Máy tính bảng Edutab 10.4 & Case da tặng Quà hot Hệ thống quản lý học tập & kiểm soát dành cho Phụ huynh trọn đời - Hàng Chính Hãng,5802000.0,4990000.0,14%,,,,,,,,,,,,,,Masstel,https://tiki.vn/may-tinh-bang-edutab-10-4-case-da-tang-qua-hot-he-thong-quan-ly-hoc-tap-kiem-soat-danh-cho-phu-huynh-tron-doi-p271284934.html?spid=271284941
Điện thoại OPPO Find N3 5G (16GB/512GB) - Hàng Chính Hãng,44990000.0,44990000.0,0%,,,,,,,,,,,,,,OPPO,https://tiki.vn/dien-thoai-oppo-find-n3-5g-16gb-512gb-hang-chinh-hang-p273098704.html?spid=273098708
